item_key,bin,centrality,reason_code,rationale,title
SWUDMFQ4,context,46,,"Empirical developer survey and tool tests mention supervised AI coding workflows, but the oversight treatment is broad and not focused on scalable governance mechanisms.",An insight into the impact of generative artificial intelligence tools on software development practices
BPL78SWJ,context,36,,"Thin abstract, but a deterministic compliance-auditing framework for AI governance is transferable to oversight measurement even though it is not code-specific.",Deterministic bias detection for NYC local law 144: why reproducibility matters more than accuracy a technical framework for compliance-grade AI auditing
9D9QSWGZ,core,94,,Directly studies human and agent review patterns for AI-generated pull requests and implications for measuring human oversight at scale.,These aren't the reviews you're looking for how humans review AI-generated pull requests
8L2G3J4Q,context,57,,"Provides an empirical LLM-assisted vulnerability triage mechanism that can transfer to scalable code oversight, though it is not specifically about AI-generated code governance.",♪ with a little help from my (LLM) friends: enhancing static analysis with LLMs to detect software vulnerabilities
P868GNU7,core,84,,Empirically analyzes agentic coding pull requests and quantifies where human revisions remain necessary before merge.,On the use of agentic coding: an empirical study of pull requests on GitHub
M964K4XX,context,42,,"Thin abstract, but comparison of AI governance and assurance frameworks is relevant background for organizational oversight policy.","Comparative analysis of AI governance, assurance, and administrative oversight NIST AI RMF 1.0, ISO/IEC 42001, SOC 2, OMB memoranda M-24-10 and M-25-21, and U.S. copyright office guidance"
TNLQ857W,core,76,,Proposes and evaluates an operational authorization framework for agentic code and infrastructure workflows with least-privilege governance implications.,Toward agentic IAM: a probabilistic authorization framework for least privilege AI workflows
XQ2858YZ,discard,24,wrong-level,General procurement transparency for machine-learning systems is too broad and thinly specified for AI-code oversight triage.,Algorithmic transparency and decision-making accountability: thoughts for buying machine learning algorithms
VZ9H37V5,core,89,,"Directly reports production vibe-coding practices, constraint specification, verification, and non-delegation zones for generated code.",Context before code: an experience report on vibe coding in practice
WBS9U5N7,core,78,,"Despite a thin abstract, it directly addresses specification gaming in LLM-generated code and adversarial execution as an oversight mechanism.",Cognitive camouflage: specification gaming in LLM-generated code evades holistic evaluation but not adversarial execution
4VXJUF5I,context,55,,Broad enterprise GenAI operationalization with human-in-the-loop and governance structures is transferable but only partly software-development specific.,From tokens to tactics: operationalizing generative AI in enterprise workflows
VYRHTLLM,context,61,,Empirical work on human overreliance and algorithmic conformity is strongly transferable to developer oversight of AI-generated code.,Turning off your better judgment -algorithmic conformity in AI-human collaboration
C4DWC33F,core,72,,"Models developer trust in GenAI tools using organizational survey data, informing overreliance and adoption risks in AI coding workflows.",What guides our choices? Modeling developers' trust and behavioral intentions towards genai
GD3RMX4R,context,67,,"Offers concrete oversight design principles and error characterization for LLM-assisted model generation, transferable to resilient code-generation workflows.",On integrating resilience and human oversight into LLM-assisted modeling workflows for digital twins
YBHHYR4P,core,86,,"Directly measures security degradation and misplaced confidence among users of AI code assistants, central to oversight and overtrust risks.",Do users write more insecure code with AI assistants?
ETHYCZEC,core,79,,Empirically compares AI-authored and human-authored pull requests with diagnostics for rejection and maintainability impacts.,Different by design: understanding human-AI collaboration through GitHub pull requests
VFZXPDJX,context,52,,"Presents an operational human-machine inspection method for guiding programmers to risky code, transferable to oversight triage even without AI-generated code.",Enhancing human-machine pair inspection with risk number and code inspection diagram
6SILTI7B,context,38,,"Thin abstract suggests a practitioner governance playbook, but it appears broad and not clearly software-code specific.",Responsible AI: a practitioner playbook for trustworthy AI governance
7V7SRG43,context,63,,"Automates code review with multi-agent LLMs and a supervisory agent, relevant as a scalable oversight aid but not focused on governing AI-generated code volume.",CodeAgent: autonomous communicative agents for code review
UDT3AA4A,core,75,,"Survey synthesizes LLM risks in software development, including overreliance, DevSecOps, governance, and hybrid human-AI collaboration.",A survey on the role of LLMs in AI-based software development: augmentation and latent risks
QK577S3K,discard,22,out-of-scope,Blockchain-based AI verification and compliance is a known false-positive class with no clear AI-code oversight mechanism.,Verifiable AI: the strategic imperative for trustworthy artificial intelligence a technical and business analysis of blockchain-based AI verification
DG6LWQJU,context,56,,Eye-tracking evidence on implicit bias in code review is transferable to human oversight quality under AI-generated review workloads.,Exploring the effects of urgency and reputation in code review an eye-tracking study
GCZQTNBD,core,81,,Directly develops an LLM-as-judge agent pipeline and metrics to validate LLM-generated code artifacts.,LLM4VV: exploring LLM-as-a-judge for validation and verification testsuites
VG8PSMM7,core,88,,"Provides a layered BLEU, LLM-in-the-loop, and human-in-the-loop validation stack for scalable safety-aware AI-assisted code generation.",Benchmarking and validation of prompting techniques for AI-assisted industrial PLC programming
Y7ZWF7GT,context,48,,"Agentic AI governance architecture with access control and decision ledgers is transferable, but the abstract is white-paper-like and not software-code specific.",How regulated financial institutions will tame agentic AI through architectural determinism
GPL5G889,context,52,,"Foundational automation-level framework is transferable to human oversight design, but it is general, old, and not software-code specific.",A model for types and levels of human interaction with automation
49IHA2L9,core,84,,Directly provides an operational STRIDE/DFD threat-modeling method for organizational security oversight of AI-based coding tools.,How secure is AI-based coding?: a security analysis using STRIDE and data flow diagrams
PG2GXVY8,core,86,,"Direct empirical evidence shows reduced visual inspection of AI-generated code, linking Copilot use to automation bias and oversight risk.",How readable is model-generated code? Examining readability and visual inspection of GitHub copilot
PAZT6K56,discard,24,wrong-type,This is mainly an LLM code-quality benchmark with no operational governance or human-oversight mechanism.,"Deploy, but verify: analysing LLM generated code safety"
ZP7AKMBR,core,78,,"Multi-case organizational study identifies GenAI security-practice changes, risks, and a framework-grounded adoption model for secure development workflows.",Investigating generative AI’s impact on software organizations’ security practices: a multi-case study using gioia methodology
BKSNXFDK,context,38,,"Thin abstract suggests a general AI risk-scorecard compliance framework that may transfer, but it is not code-specific and needs human review.","Regulatory compliance made easier with AI risk scor the dual imperative in RegTech: leveraging AI-driven risk scorecards for continuous compliance, operational efficiency, and establishing governance frameworks for explainability and ethical accountability"
7B87ZZY9,context,50,,"The study gives measurable evidence on errors introduced by LLM maintainability fixes, useful for oversight triggers but not governance-focused.",Evaluating the effectiveness of LLMs in fixing maintainability issues in real-world projects
WZSG4ZIT,context,42,,"General high-risk AI auditability discussion is transferable to AI-code governance, but the abstract is thin and not software-pipeline specific.",Why probabilistic AI resists auditability: from explainability to verifiable responsibility in high-risk AI systems
NHSTF6EL,context,58,,"Empirical measurement of code and security smells in generated code is relevant for AI-code risk detection, though it lacks organizational oversight mechanisms.",An empirical study of code smells in transformer-based code generation techniques
JS58YQWN,context,46,,"Runtime AI governance and human-in-the-loop audit concepts are transferable, but the thin abstract is general and not code-generation specific.",Computable trust architecture: a formal framework for runtime AI governance
TW9IB9DE,context,40,,"Enterprise AI risk quantification is relevant background governance, but the abstract is thin and not tied to software engineering or generated code.",The AI governance gap: quantifying enterprise AI risk through the janus protocol
ZX8V7UJS,context,55,,"AIOps RCA evidence supports transferable lessons on LLM limitations and human oversight in technical operations, though not code-generation oversight.",AIOps for reliability: evaluating large language models for automated root cause analysis in chaos engineering
6TZHUCMD,core,82,,Proposes and evaluates a scalable source-code guardrail for preventing sensitive code exposure to public LLMs in enterprise workflows.,Source code guardrail: AI driven solution to distinguish critical vs. Generic code for enterprise LLM security
5NY5HVNV,core,90,,Directly studies how LLM-assisted code review disrupts accountability mechanisms central to human oversight of AI-influenced software quality.,Accountability in code review: the role of intrinsic drivers&nbsp;and the impact of LLMs
SDIMSRMI,context,61,,"Provides an operational evaluation framework for LLM-generated tests that can support oversight, though governance and human review are not central.",An evaluation framework for software unit tests generated by large language models
54383TI5,core,72,,Proposes an enterprise software framework with human-in-the-loop feedback and traceable knowledge structures for governing complex LLM-assisted development.,Code digital twin: empowering LLMs with tacit knowledge for complex software development
WRXR2VTP,core,88,,"Directly addresses vibe-coding QA through validated contracts, traceability, testing, runtime verification, and auditable workflows.",VibeContract: the missing quality assurance piece in vibe coding
VCI7FSVP,context,48,,"Computable EU AI Act compliance mechanisms are transferable governance-by-design concepts, but the abstract is thin and not code-oversight specific.",Governance-by-design for AI compliance: compiling EU AI act duties into computable operating-agreement clauses
TF2C996H,context,36,,"Selective review via confidence thresholds is transferable to scalable oversight, but the domain is annotation and the abstract is thin.",Human-efficient annotation system via active semi supervised learning and selective review
NZXY7X7U,context,39,,"Pre-execution control is a potentially transferable AI-governance idea, but the construction-safety domain is distant from AI-generated code.",Construction safety management and AI governance: a structural correlation and the case for pre-execution control
JCAQ3AHU,context,35,,"AI Act assessment catalogues may inform compliance frameworks, but the abstract is very thin and not software-code specific.",AI certification and assessment catalogues: practical use and challenges in the context of the European AI act
82N4MFN7,context,52,,"Situation-awareness framing for organizational human-agent collaboration is transferable to oversight design, but it is theoretical and non-code-specific.",A situation awareness perspective on human-agent collaboration: tensions and opportunities
S7BJA4RD,core,84,,"Empirical organizational study of Copilot and Windsurf identifies validation burdens, verification work, and socio-technical monitoring needs.",AI-assisted collaboration: exploring developer experience with GitHub copilot and windsurf
S57GJ9VD,discard,22,out-of-scope,AI-assisted drafting of AI Act documentation concerns compliance paperwork rather than oversight of AI-generated code or software pipelines.,Simplifying software compliance: AI technologies in drafting technical documentation for the AI act
4AXDVW7J,core,87,,"Provides an evidence-informed SDLC governance roadmap for auditable prompts, provenance, checks, evaluation, and escalation in AI-driven software engineering.",Ethical prompt engineering for AI-driven SE: evidence-informed interaction-time governance roadmap to 2030
8TD7PXM7,core,72,,"Directly targets AI-supported code review with a human-in-the-loop agentic architecture, though the abstract is more conceptual than empirical.",Toward author-guided review: an agentic architecture for reflective code review
RPHK78A9,core,96,,"Directly addresses vibe-coding oversight, governance, organizational scaling, empirical cases, and concrete mechanisms for maintaining quality.","Vibe Coding: Building Production-Grade Software with GenAI, Chat, Agents, and Beyond"
QBZTPWQR,context,58,,"Provides an operational framework for governed GenAI context management with developer-tool exemplars, but is not specifically about oversight of generated code.",Everything is context: agentic file system abstraction for context engineering
M26KA89J,context,39,,"The thin abstract suggests transferable evidence on human-GenAI work modes, but it is broad knowledge-work theory rather than software-code oversight.","Cyborgs, centaurs and self-automators: the three modes of human-GenAI knowledge work and their implications for skilling and the future of expertise"
2ATF53D2,discard,24,wrong-level,"It benchmarks LLM code quality against human code but lacks a governance, oversight, or organizational control mechanism.",Can LLMs generate higher quality code than humans? An empirical study
9S7TPW3X,context,62,,"Empirically measures Copilot’s strengths and limits for API misuse detection, offering transferable evidence for AI-code risk assessment despite limited human-oversight focus.",Can we trust the AI pair programmer? Copilot for API misuse detection and correction
TLLPXSB5,core,80,,Develops and evaluates AI-specific security assessment enhancements for GenAI-era software development governance in organizational cloud settings.,Enhancing cloud security assessment frameworks for the generative AI era: an action design research approach
UU8XQFGB,context,57,,"Offers concrete tooling for human oversight of agent behavior, transferable to coding agents but not specific to AI-generated code pipelines.",Agent trajectory explorer: visualizing and providing feedback on agent trajectories
5HT7MJV3,context,53,,"Presents a governance risk taxonomy for agentic AI workflows in finance, transferable to agentic coding oversight but outside software engineering.",Agentic workflow drift and agentic workflow subversion: a new risk taxonomy for the governance of agentic AI in financial services
8IQR9PNB,core,82,,Empirically studies developer interaction with autonomous coding agents and identifies adoption risks around understanding agent behavior.,Code with me or for me? How increasing AI automation transforms developer workflows
XBK7KB3E,context,45,,"Provides a general generative-AI evaluation pipeline with human review and oversight components, but is not code- or organization-specific.",From annotation to oversight: a pipeline approach to generative AI evaluation
MQ5KZQTX,core,86,,"Directly studies how engineers engage with LLM-assisted code reviews, including trust, cognitive load, context limits, and feedback adoption.",Human and machine: how software engineers perceive and engage with AI-assisted code reviews compared to their peers
HDVEI6LK,context,44,,"Benchmark leakage findings are useful for evaluating AI coding tools, but the paper lacks a direct oversight or governance mechanism.",Are large language models memorizing bug benchmarks?
SHAIEC8U,discard,23,wrong-level,"It evaluates automated review-comment generation performance but does not address human oversight, governance, or scaling review quality.",Transformer models for code review comment generation: a performance comparison on GitHub data
HCQSZWZR,context,61,,"The IVAM framework operationalizes validation and monitoring of AI-generated code in SOC automation, but the domain is cybersecurity operations rather than software development governance.",Toward robust security orchestration and automated response in security operations centers with a hyper-automation approach using agentic artificial intelligence
5Q4G4CQB,core,78,,"Directly examines LLM-enabled CI/CD code review and deployment with reported benefits, risks, and need for human supervision.",AI-driven continuous integration: automating code review and deployment with LLMs
YJLK5FPA,context,42,,"The thin abstract describes AI governance infrastructure and automation bias at a policy level, transferable but not specific to generated code.",Ethics for oversight and protection the constitutional case for AI governance infrastructure
EVIRWHTD,context,50,,"It frames vibe coding and responsible-AI challenges conceptually, but appears mostly definitional and lacks empirical or operational oversight mechanisms.",Vibe coding: toward an AI-native paradigm for semantic and intent-driven programming
YXKHSW6S,context,47,,Legal analysis of meaningful human control for algorithmic error detection is transferable to AI-code oversight but not software-specific.,Meaningful human control to detect algorithmic errors
KGAV77U3,core,84,,"Directly evaluates failure modes in vibe-coding self-diagnosis and repair, identifying measurable limits relevant to human oversight triggers.",VIBEPASS: can vibe coders really pass the vibe check?
QNHBEIHD,core,75,,Empirically measures vulnerabilities in deployed LLM-generated code and argues for thorough testing and evaluation in software development.,LLMs in web development: evaluating LLM-generated PHP code unveiling vulnerabilities and limitations
TJH7QFAX,core,81,,Operationalizes risk-based oversight for AI coding agents using CodeHealth metrics to identify where additional human review is warranted.,"Code for machines, not just humans: quantifying AI-friendliness with code health metrics"
GPPK8TWP,context,49,,"Offers a governance and verifiability framework for AI-mediated management, transferable to oversight design but outside software engineering.","Agency without liability: rule-evading optimization, the deterrence gap, and the synthetic outlaw in AI-mediated management"
QTJPLBYR,core,77,,Controlled evaluation of LLM-generated code by human experts and LLM-based criteria directly informs oversight of security and quality.,Evaluating security and inclusivity in LLM-generated code: a controlled experiment
5BAZZWHG,core,91,,Directly studies over-reliance and declining cognitive engagement with agentic coding assistants and proposes concrete design mechanisms for verification.,"""I'm not reading all of that"": understanding software engineers' level of cognitive engagement with agentic coding assistants"
5H6KQCJM,core,82,,Empirical survival analysis of AI-authored code directly informs organizational oversight of maintenance risk and post-generation governance.,Will it survive? Deciphering the fate of AI-generated code in open source
79JAXRME,context,35,,The abstract is thin but offers a transferable conceptual governance frame for agentic AI failure modes rather than code-specific oversight.,Self-suppressing correction in agentic AI platforms: a conceptual framework for coupled epistemic degradation
VFE9BX2T,core,86,,"It evaluates AI-generated IaC with deployability, security, iterative feedback, and human-in-the-loop mechanisms closely tied to DevOps oversight.","Deployability-centric infrastructure-as-code generation: fail, learn, refine, and succeed through LLM-empowered DevOps simulation"
LJA5AH6N,discard,24,out-of-scope,This is mainly an educational and capability evaluation of test-skeleton generation without a governance or scalable oversight mechanism.,Comparative evaluation of large language models for test-skeleton generation
AYGMC9Y4,context,58,,"It provides transferable evidence on code quality and security review of LLM-generated CRUD applications, though not an organizational oversight framework.","Analyzing the impact of prompt engineering on efficiency, code quality, and security in CRUD application development"
TUYBSBZ2,context,55,,LLM-based change-intent classification is relevant to scaling code review workflows but is not specific to AI-generated code governance.,On the performance of large language models for code change intent classification
TUE9R2PH,core,75,,"A risk-gated protocol with drafts, approvals, auditability, and human review is highly relevant to governing AI agents in production workflows.",OpenPort protocol: a security governance specification for AI agent tool access
NKII6YDD,context,44,,The cognitive-resource allocation framework is transferable to human oversight scaling but is general AI delegation rather than software-specific.,When to delegate to artificial intelligence: a constrained resource optimization framework
FEJLI262,context,32,,"The thin abstract concerns output safeguards and regulatory compliance, which transfer weakly to AI-code oversight but are not code-pipeline focused.",A decontextualized LLM-based safeguard technique for automated jailbreak mitigation
VCI88UZD,core,88,,"It proposes a concrete human-certification, provenance, security-review, and governance architecture for AI-assisted software assembly.",Human-certified module repositories for the AI age
YRBG342S,discard,28,wrong-type,This position paper discusses human oversight in AI-assisted testing but appears agenda-setting rather than evidence-based or operationally validated.,"Synergizing human-AI cooperation in automated software testing: a balance for enhanced efficiency, reliability, and trust"
Y5LGJ7L7,context,42,,A child-welfare case study on corrective overrides and automation bias offers transferable evidence on human discernment of AI errors.,Human discernment of algorithmic errors: a case study in child welfare
DY2Y5QE3,context,45,,Agentic AI liability and governance risks are relevant to organizational policy but only indirectly connected to AI-generated code oversight.,"Rogue AI agents won't be testifying-you will: agentic AI, IP and liability risks, and a path forward"
EB9D98W5,core,78,,It addresses AI-assisted industrial code generation with LLM-in-the-loop and human-in-the-loop validation across safety and quality dimensions.,Benchmarking and validation of prompting techniques for AI-assisted industrial PLC programming
MPU6HLPS,context,46,,"The production-scale engineering copilot deployment offers organizational evidence, but it centers on technical support productivity rather than code oversight.",ENCO: deploying production-scale engineering copilots
Q6SVKUCU,context,34,,AI liability theory is policy-relevant background but lacks a software-pipeline or human-oversight mechanism.,Nondeterministic torts: a technical approach to AI liability
5I2W8IC6,core,74,,"Its review and expert survey on trust, overtrust, and metrics for LLMs in software engineering directly supports oversight design.",Mapping the trust terrain: LLMs in software engineering - insights and perspectives
4YKMK4ZI,context,40,,"The abstract is thin but discusses auditability, evidence standards, and ex-ante AI governance that may transfer to AI-code oversight.",On the impossibility of observability-based authorization: a formal impossibility result for ex-ante AI governance
TFZ594LZ,context,48,,"It offers a concrete governance-framework interpretation for AI risk management, but is not specific to software engineering or generated code.","Intention, integration, and the implementation gap: why AI governance frameworks are misread as risk checklists"
BP8HVTMW,core,83,,AI coding-agent fingerprinting provides an operational method for repository governance and attribution of AI-generated contributions.,Fingerprinting AI coding agents on GitHub
TI4RF68X,context,65,,"This SLR synthesizes LLM integration risks and mitigation strategies across SDLC workflows, though it is broader than oversight of generated code.",Towards the integration of large language models into the software development life cycle: a systematic literature review
XKEY3YYF,context,39,,The interactive evaluation framework is methodologically transferable to human-AI oversight but is general and not software-pipeline specific.,Evaluating human-language model interaction
I7X7LTNR,context,54,,"Multi-LLM self-negotiation is a transferable automated oversight pattern for code tasks, though it lacks human or organizational governance focus.",A preliminary study on large language models self-negotiation in software engineering
TTEUEB9V,context,52,,NIST AI 600-1 is a relevant generative-AI governance framework despite the missing abstract and non-code-specific scope.,NIST AI 600-1: Generative Artificial Intelligence Profile
CWUPRIIQ,core,93,,"This industrial study directly measures LLM-based automated code review effects, developer responses, quality benefits, delays, and review failure modes.",Automated code review In practice
24ZVGAAA,context,58,,Empirical public-sector AI risk-management study with a concrete Three Lines of Defense oversight model that is transferable but not code-specific.,Embedding ethical AI risks in public sector risk management practice an explorative analysis using the three lines of defense risk management model
6EKVYBCD,context,45,,"Provides a managerial governance framework for responsible GenAI-enabled conversational agents, adjacent to AI oversight but outside AI-generated code.",Generative AI in responsible conversational agent integration: guidelines for service managers
ZVDJ5J88,context,43,,"Broad responsible-AI adoption framework includes human oversight and process-level governance, but remains general rather than software-code focused.",Towards a responsible AI adoption/adaptation (RAA) ecosystem: vision and model to keep socio-technological balance
JZ64WDLQ,context,35,,"Thin abstract suggests an organizational human-agent governance model, but evidence and operational detail are unclear.",The fluid triad: a decision-first organizational model for human-agent teams
Q8F6WBGU,discard,20,wrong-type,The abstract is a brief position on AI audit washing without an evident empirical base or operational oversight mechanism.,AI audit washing and accountability
WXBMMVX9,context,40,,"Thin abstract points to a behavioral human-in-the-loop governance framework for agentic AI, transferable but domain-specific to private equity.",Agentic AI governance in private equity: a behavioral framework for autonomous decision systems
52PTUFU8,core,74,,"Multivocal review directly addresses GenAI-era software artifacts, governance, maintainability, and scalable technical-debt management in software engineering.",The evolution of technical debt from DevOps to generative AI: a multivocal literature review
ZKKBHG9W,context,59,,"Offers an operational transparency assessment framework for AI development governance, transferable though not specific to generated code.",Evaluating transparency in artificial intelligence systems with the Z-inspection® process for trustworthy assessment
PH6HQ5XG,discard,22,wrong-level,Corporate-law accountability for algorithmic misconduct is too broad and lacks a clear operational link to software-engineering oversight.,Algorithms acting badly: a solution from corporate law
MFSG8J76,context,40,,"ISO/IEC 42001 is a relevant AI management-system governance standard, but the missing abstract leaves code-specific relevance uncertain.",ISO/IEC 42001:2023 — Artificial Intelligence Management System
LBACUG6X,context,38,,Agentic-AI liability analysis is relevant to governance accountability but remains legal and non-code-specific with a thin abstract.,Inherent and emergent liability issues in LLM-based agentic systems: a principal-agent perspective
BC33U2MU,context,46,,"AI audit-trail accountability is transferable to oversight governance, but the thin abstract does not establish a software-code pipeline focus.",AI audit trails and the architecture of accountability
5257HHP3,context,39,,"Trust-and-safety auditing practices may transfer to AI oversight, but the item appears broad and only lightly operationalized.","Intersections between trust, safety, and responsible AI how trust & safety and AI auditing can learn and evolve together"
4CR8GVNV,context,50,,"Provides human-in-the-loop calibration strategies and metrics for persistent agents, relevant to oversight triggers but not code-specific.",Recalibrate: metacognitive monitoring for persistent AI agents
2Z4PZABF,core,88,,Directly addresses governance gaps for AI-driven code transformation using regulatory and SDLC control frameworks.,Regulatory gap: why model risk management is structurally ill-suited to govern AI-driven code transformation
NKY6T5G9,context,44,,"Enterprise AI input-quality governance and liability are relevant to oversight and technical debt, but not focused on generated code.",Negligent poisoned environments: how cumulative input negligence undermines enterprise AI
BISE8375,core,86,,"Industrial case study of AI-generated regression-test scripts includes pipeline integration, human review, throughput, governance, and quality limits.",Human-AI collaboration for scaling agile regression testing: an agentic-AI teammate from manual to automated testing
MVWFAXDW,core,76,,Directly targets AI code-generation security risk with an evaluated prompt-risk detection and rectification mechanism.,Securing AI code generation - a prompt rectification approach for mitigating cyber risks
L28YKLVD,context,56,,Artifact authenticity governance offers technical compliance-record verification mechanisms transferable to AI-code auditability.,Artifact authenticity governance
QMKQC7SC,context,62,,"Large-scale delegated-work benchmark, including coding, provides evidence on silent corruption risks relevant to oversight load but not a governance framework.",LLMs corrupt your documents when you delegate
VEEEW3K9,core,82,,"Presents and evaluates a GenAI-assisted secure SDLC framework spanning code generation, vulnerability detection, testing, and quality metrics.",Generative AI-assisted framework for secure and autonomous software development lifecycle optimization
CAXNTRJF,core,78,,Describes automated code governance and compliance analysis integrated into the software lifecycle to reduce audit burden and human error.,Machine learning solutions to automated governance and code analysis to compliance
C2K75UGE,context,64,,"Empirical case study explains automation reliance, complacency, and skill erosion mechanisms highly transferable to AI-code oversight capacity.",The vicious circles of skill erosion: a case study of cognitive automation
8PPIW9Q5,core,72,,Software-engineering SLR proposes human-in-the-loop prompt-engineering and version-control mechanisms relevant to governing AI-assisted code work.,Unlocking the potential of the prompt engineering paradigm in software engineering: a systematic literature review
TLJPGLK9,context,47,,"Workshop abstract centers on operationalizing human oversight of AI systems, but it is broad and agenda-setting rather than code-specific evidence.",AI CHAOS! 2nd workshop on the challenges for human oversight of AI systems
PQ9JED2I,context,55,,"Relevant to AI security governance and regulatory framing, but the abstract is thin and not clearly about oversight of AI-generated code in software pipelines.","Risks of AI-driven vulnerability identification, exploitation, and code exposure"
C67AT7ZP,discard,24,wrong-type,Appears to be an argument about AI compliance costs rather than an evidence-based or operational framework for AI-code oversight.,"The hidden cost of AI compliance: why ""build fast, fix later"" can become a financial catastrophe"
GQ5E7RPF,discard,26,out-of-scope,The blockchain provenance and compliance focus is only loosely connected to human oversight of AI-generated code despite mentioning human-in-the-loop governance.,"Blockchain and AI framework for provenance, semantics, and compliance"
3QUL87JY,context,58,,"Provides an enterprise governance framework for agentic AI actions that is transferable to coding agents, though not code-specific.","Responsible AI In the agentic world governance for AI that acts, not just answers"
NVE5885K,discard,28,quality-threshold-not-met,The webpage is directly about vibe coding governance but the abstract suggests a descriptive practitioner piece with little evidence or operational detail.,"Vibe coding: don't kill the vibe, govern it"
LAKYKVTB,core,72,,Directly measures disclosure risks in code-generation LLMs and offers assessment methods relevant to organizational oversight of AI coding tools.,Malicious and unintentional disclosure risks in large language models for code generation
76DYS6RI,core,74,,"Empirically studies software professionals’ practices, concerns, and assistive use of LLM coding tools, informing human oversight and over-reliance risks.",Model-assisted and human-guided: perceptions and practices of software professionals using LLMs for coding
FYU7H5WR,core,78,,Uses interviews and simulation to evaluate long-term quality and technical-debt risks from AI-assisted software development.,Beyond productivity: evaluating the hidden costs of generative AI in software development
N3WU6PFG,context,62,,"Measures quality problems in LLM-generated code, which is relevant to oversight triggers, but lacks an explicit governance or human-review mechanism.",Investigating the smells of LLM generated Code1
FCSXBE4I,context,52,,"Agent reliability and maturity framing is transferable to coding-agent deployment, though the abstract is broad and not software-code oversight specific.",Agent reliability maturity model (ARMM) a capabiility framework for production-ready AI agent deployment - moving from 'can we build it' to 'are we ready to run it'
TCMF6P4P,core,82,,Presents an operational test-driven mechanism for controlling and refining vibe-coded repository-level code generation.,TENET: leveraging tests beyond validation for code generation
PZI2IMW6,context,66,,"Offers an empirically motivated assessment framework for production agentic systems, transferable to evaluating coding agents despite a CloudOps setting.",Beyond task completion: an assessment framework for evaluating agentic AI systems
UIXCRBQX,core,91,,Directly compares agentic and human PR risks and identifies review-trigger implications for AI-generated code in software workflows.,"Safer builders, risky maintainers: a comparative study of breaking changes in human vs agentic PRs"
RQI8NXJL,context,64,,Enterprise authorization and audit governance for autonomous agents is highly transferable to coding-agent oversight but is broader than AI-generated code.,"Identity-aware governance for autonomous AI agents: a framework for enterprise authorization, delegation, and audit"
R9CDT9KB,core,88,,Directly operationalizes confidence-based routing between automation and human review in DevSecOps vulnerability assessment.,Trust-calibrated multi-stage large language model pipeline for vulnerability assessment in DevSecOps workflows
A8FT9SZP,context,45,,Organizational readiness for AI agency is relevant governance context but appears broad and only weakly tied to code oversight mechanisms.,From autonomy to agency: a 10-level framework for AI's evolution and organisational readiness
7GE63LDE,core,83,,Evaluates LLM-generated infrastructure-code repairs with human context and quantifies hallucinated fixes that require oversight.,Repairing infrastructure-as-code using large language models
B56YY529,context,59,,"Low-code/no-code AI accountability offers transferable governance strategies for democratized AI development, though not specifically AI-generated software code.",Algorithmic accountability of low-code/No-code artificial intelligence: a literature review
KWD6CKFR,context,64,,Governance shift from monitoring to authorization for agentic systems is transferable to coding agents that modify infrastructure or repositories.,From monitoring to authorization: the structural shift emerging in agentic AI governance
6VDFSHZW,context,47,,Post-release evaluation and transparency for AI systems is transferable governance context but not specific to software engineering or code generation.,Beyond algorithmic disclosure for AI
VZN9KJ7H,core,86,,Proposes compile-time diagnostics and security-library mechanisms that ground human review and iterative AI self-correction for generated code.,Compile-time security analysis and optimization of sensitive string producers
EPHPTBA2,context,66,,Execution governance for LLM agents in enterprise infrastructure is strongly transferable to coding-agent authority control but not explicitly code-generation focused.,Protocol-mediated execution governance for LLM agent systems
4F5PX7PE,context,54,,"Provides empirical evidence on human-in-the-loop AI oversight and automation bias, transferable despite being outside software engineering.",Decision-making with human-in-the-loop: a field experiment of explained AI in public administration
QLMUYYQ3,context,61,,"Explores LLM-generated code-risk explanations for human review decisions, but appears prospective and OSS-focused rather than organizational oversight of AI-generated code.",Explaining code risk in OSS: towards LLM-generated fault prediction interpretations
PFC45HM7,context,57,,"A generative-AI audit blueprint is relevant governance context with transferable audit concepts, though not specific to AI-generated code.",A blueprint for auditing generative AI
PMPV54J9,context,35,,"Thin abstract, but the organizational AI-agent integration framework may transfer to oversight and liability design even though it is not code-specific.",From tools to teammates: a framework for integrating AI agents into organizational structures
CJ6UBWCX,context,62,,"Provides a concrete governance model for agentic AI authorization and audit claims that is transferable to coding-agent tool use, but it is not specifically about AI-generated code oversight.",The authorization boundary: why MCP and AI gateways are necessary—but not sufficient—for regulated agentic AI
6Z82ABMA,core,85,,"Directly measures reviewability and comprehension demands of AI-generated pull requests, informing scalable human review of agent-generated code.",When is generated code difficult to comprehend? Assessing AI agent python code proficiency in the wild
FLDAS7UC,context,46,,"Offers a broad verification-architecture lens for generative-AI accountability, but the abstract is thin and not software-specific.",From friction to design: verification architecture for AI-augmented institutions
35GIS9BQ,context,58,,A concrete catalog of human-in-the-loop ML design patterns is transferable to AI-code oversight despite not focusing on software development pipelines.,Design patterns for machine learning-based systems with humans in the loop
8EEKFTQL,context,55,,"The formal model of verification bias and supervised machine decisions is relevant to overreliance and calibration in human oversight, but not code-specific.",Is your machine better than you? You may never know
FSFCECQ6,context,60,,"The operational model includes audit trails, checkpoint gates, and human oversight for multi-AI systems, but it is not specifically about AI-generated code.",GOPEL infrastructure specification and HAIA-RECCLIN operational model for AI provider plurality implementation
HRUQ2NGR,context,65,,"The survey is code-agent specific and covers monitoring and reliability challenges, but it appears broader than human oversight governance.","AI agentic programming: a survey of techniques, challenges, and opportunities"
GFCB367T,core,74,,"Presents and evaluates an AI-integrated DevSecOps pipeline with secure code review, policy-as-code, compliance, and quantitative security metrics.","AI - integrated DevSecOps for scalable, secure, and modern cloud architectures"
MTYM4L5D,core,72,,"Empirically examines AI use in frontend code and accessibility testing within an organization, including limitations requiring domain knowledge and human oversight.",AI in software development and its potential influence on accessibility compliance.
84D2AMVM,context,66,,"Strongly addresses human-in-the-loop governance effectiveness risks and mitigations, but at a general AI decision-making level rather than AI-generated code.",Realizing the promise of AI governance involving humans-in-the-loop
L65X78ML,context,50,,"Legal analysis of EU AI Act duties around risk assessment, human oversight, and data governance is transferable but not software-pipeline specific.",Reflections on the data protection compliance of AI systems under the EU AI act
MHK56HCY,context,57,,"Continuous assurance and second-line design principles are relevant to scaling oversight, but the abstract is broad and not code-specific.",Agentic AI as assurance infrastructure: design principles for a continuous second line
DQM82F3L,context,36,,"Thin and repetitive abstract suggests a responsible-AI implementation framework, but its evidence base and relevance to code oversight are unclear.",Research vision for Co-designing responsible AI
ADV5GQEV,context,52,,"RegOps connects agile delivery with regulatory compliance and AI Act pressure, offering transferable governance structure but not AI-code oversight.",RegOps as an agile response to regulatory pressure
KNEMNE5W,core,88,,Directly benchmarks bias in LLM-generated code and evaluates a modular monitor agent that reviews and corrects violations in code-generation pipelines.,Social bias in LLM-generated code: benchmark and mitigation
XTJ7LEZ8,core,76,,Evaluates automated security assessment and repair of LLM-generated code and proposes a prompt agent for real development workflows.,Benchmarking prompt engineering techniques for secure code generation with GPT models
CMW3AWRD,context,54,,"Addresses human-AI decision failures and calibration in hybrid review workflows, but the abstract is broad and not software-specific.",When LLMs hurt more than help: understanding decision failures under AI assistance
4PSM6ZCD,core,86,,"Directly studies vibe-coding security risk in real-world tasks and shows common mitigation strategies fail, informing oversight needs.",Is vibe coding safe? Benchmarking vulnerability of agent-generated code in real-world tasks
BLR3XE3I,core,80,,"Interview study of vibe coding in product teams directly covers review, overreliance, responsibility, and workflow changes in organizational settings.","Vibe Coding in Product Teams: Reconfiguring AI-Assisted Workflows, Prototyping, and Collaboration"
THJ2PPQW,context,48,,"Agentic-AI evaluation and regulation metrics are broadly relevant to governance, but the abstract is thin and not code-specific.","Evaluating and regulating agentic AI: a study of benchmarks, metrics, and regulation"
HKQX9RLH,context,40,,"Legal discussion of AI Act and liability gaps is broadly transferable to governance, but not specific to human oversight of AI-generated code.","Limitations and loopholes in the EU AI act and AI liability directives: what this means for the European union, the United States, and beyond"
MEVLC5DX,context,64,,"Empirically measures quality problems in LLM-generated test code, providing useful oversight signals though it lacks an explicit governance or review mechanism.",Quality assessment of python tests generated by large language models
4T5QFWZE,core,84,,"Directly compares AI-generated pull requests with human ones and identifies reviewer sentiment masking maintainability risk, a core oversight failure mode.","More code, less reuse: investigating code quality and reviewer sentiment towards AI-generated pull requests"
Q5RS3ZXV,context,59,,"The AACT framework empirically reduces overreliance in human-AI decisions and is transferable to reviewer calibration, but the case study is non-code.",Understanding the effects of AI-assisted critical thinking on human-AI decision making
M74M3RFJ,context,62,,"Provides an operational assurance-case and guardrail framework for LLM robustness and compliance including code tasks, but not specifically organizational oversight of AI-generated code pipelines.",Developing assurance cases for adversarial robustness and regulatory compliance in LLMs
5GB3K5C2,context,56,,"Offers a governance-first runtime containment and provenance framework for autonomous AI agents that is transferable to coding agents, though the abstract is thin and not code-specific.",TRACE: a governance-first execution framework providing architectural assurance for autonomous AI operations
62S6DFXY,context,42,,"Describes computable governance optimization for proxy AI using NIST-style monitoring and policy concepts, but the abstract is thin and not tied to software engineering.","Computable design space exploration via governance frameworks: joint optimisation of permission boundaries, monitoring thresholds and user transparency policies (for proxy AI)"
TQGFG8YC,context,60,,"Presents a concrete benchmarking framework that includes AI-generated code evaluation with standardized metrics, but in a digital forensics tool-validation setting rather than human oversight at scale.",AutoDFBench 1.0: a benchmarking framework for digital forensic tool testing and generated code evaluation
6UQMFSB8,discard,24,wrong-type,Focuses on improving repo-level AI code generation capability and architectural fidelity without a governance or human-oversight mechanism.,Contract-coding: towards repo-level generation via structured symbolic paradigm
T72TU8B5,core,92,,Directly studies dynamic autonomy and local oversight for coding agents using developer evidence and an operational mechanism for adjusting oversight over time.,Hedwig: dynamic autonomy for coding agents under local oversight
I8R2LX86,context,35,,"Addresses human participation and oversight in AI-mediated systems, but the abstract is very thin and appears broad rather than software- or code-specific.",The geometry of human participation: the structural conditions of legitimacy in AI-mediated systems
WZXSSGRL,context,58,,"Uses an SLR and practitioner questionnaire to examine GenAI in SDLC cybersecurity, including reliability and integration risks, but oversight of AI-generated code is secondary.",Exploring the role of generative AI in enhancing cybersecurity in software development life cycle
MJDUMWUX,context,50,,"Provides a clause-level AI governance interoperability framework involving human oversight evidence reuse, but it is general compliance infrastructure rather than code-specific oversight.","Passporting compliance for AI: operationalising governance via a clause-level crosswalk across EU, ISO/IEC, NIST, and CoE frameworks"
VQTXS6R4,core,72,,"Targets scalable automated code review using multi-agent review-comment generation with human evaluation, making it relevant to oversight capacity under code-review volume.",Issue-oriented agent-based framework for automated review comment generation
SI9LR7W3,context,45,,"Addresses human-in-the-loop decision performance and interpretability effects, but only through broad decision-making theory with a thin abstract and no software context.","Why providing humans with interpretable algorithms may, counterintuitively, lead to lower decision-making performance"
58FAJ59D,context,48,,"Discusses agentic attack governance, identity, and behavioral monitoring, which is transferable to autonomous coding-agent risk but not focused on code oversight.",The infrastructure gap: why platform security cannot protect against agentic attacks
98A3UITB,context,66,,"SLR evidence on GenAI risks, professional oversight, and adaptive governance in agile enterprise architecture is strongly transferable but broader than AI-generated code review.",Impact and implications of generative AI for enterprise architects in agile environments: a systematic literature review
PD297DUM,core,86,,"Empirically surveys developers on security review, overreliance, and vulnerability concerns for AI-generated code, directly informing organizational oversight needs.",My code is less secure with gen AI: surveying developers' perceptions of the impact of code generation tools on security
RLCF33SM,context,46,,"Proposes machine-readable governance dimensions for high-risk AI deployment authorization, but it is general AI certification rather than software-pipeline oversight.",AI deployment authorisation: a global standard for machine-readable governance of high-risk artificial intelligence
WEWQ9NTT,context,54,,"Presents multi-agent adversarial verification for regulated AI decisions and human-oversight compliance, transferable as an oversight pattern but outside code generation.",Verified adversarial reasoning intelligence (VARI): multi-agent adversarial verification for regulated AI decision-making
EB9PFYBS,context,40,,"Analyzes legal concepts of human oversight in the EU AI Act context, but it is older, legal-theoretical, and not operationalized for software engineering.",From 'human control' in international law to 'human oversight' in the new EU act on artificial intelligence
PMSYQJQQ,core,74,,"Proposes a workflow-integrated LLM assistant to detect AI-introduced clones and license risks with developer feedback, giving an operational oversight mechanism for generated code.","Towards just-In-time, inclusive clone refactoring"
GMU2V4QQ,context,57,,"Empirically studies how static-analysis signal selection improves LLM program repair efficiency, transferable to automated quality gates but not focused on human oversight.",An empirical analysis of ESLint information components and their interactions in LLM-based program repair
SMHWVB9J,context,64,,"Provides strong empirical evidence on overreliance and monitoring reduction in human-automation redundancy, directly transferable to AI-code oversight behavior.","Designing human-automation redundancy: overreliance, automation shirking, and the operator’s dilemma"
Y4TIF9KW,core,84,,"Presents and evaluates an auditable multi-agent LLM static code review artifact aligned with regulatory reporting, directly relevant to scalable code oversight.","Code prism: a multi-agent, multi-LLM, semantic indexing artifact for regulatory code audits — a design science research study"
VYRFCCU8,context,52,,"Surveys LLM-based vulnerability detection in static analysis with practical selection guidance, but focuses on detection capability rather than governance or human oversight.",Large language models for vulnerability detection in static code analysis: a survey
ML88MC4H,context,49,,"Offers an enterprise AI governance taxonomy around visibility, alignment, and authorization that may structure oversight claims but is not software-code specific.","A taxonomy of AI governance approaches: distinguishing visibility, alignment, and authorization"
JVBZNVW8,context,61,,"Directly discusses vibe coding quality limits and proposes formal specification and verification as an oversight mechanism, but appears position-oriented rather than empirical.",AI for software engineering: from probable to provable
LKCDAMLF,context,43,,"Examines legal and policy issues for AI use in penetration testing and AI safety testing, transferable to security governance but outside AI-generated code oversight.","Legal, policy, and compliance issues in using AI for security: using taiwan's cybersecurity management act and penetration testing as examples"
IZQGW3IU,context,58,,"Concrete statutory human-oversight requirements are transferable to AI-code governance, though not specific to software engineering pipelines.",
MFSZPSPU,core,90,,Directly proposes and measures a scalable human-in-the-loop LLM-as-judge mechanism for evaluating generated software patches.,Towards a human-in-the-loop framework for reliable patch evaluation using an LLM-as-a-judge
WBFBCN9G,core,74,,"Synthesizes empirical evidence on LLM programming tools, including trust calibration, over-reliance, user control, and correctness risks.","Large language models in programming: a meta-analysis of tools, users, and human-computer interaction themes"
JKLSQ57B,context,38,,Thin abstract suggests a transferable principal-agent governance framing for agentic AI but lacks code-specific or empirical detail.,No skin in the game: why agentic AI requires principal-agent governance
QB7MGVK4,context,43,,A dual-authorization authority mechanism for enterprise AI execution is transferable to oversight design but not code-specific.,ECONOMICS OF AUTHORITY EoA #8 federated authority and inter-organizational AI execution the unsolved boundary problem and a dual-authorization mechanism
BEFM3MT6,context,52,,"Addresses AI risks and human oversight across the software development lifecycle, but appears broad and agenda-setting rather than operationally specific.",AI in the software development lifecycle: insights and open research questions
3IH4PUPA,context,44,,"XAI findings on trust, transparency, and oversight in high-stakes AI are transferable but outside AI-generated code.","Evaluating the impact of explainable artificial intelligence (XAI) techniques on trust, transparency, and decision-making accuracy in high-stakes machine learning applications"
XXRRYDKZ,context,39,,"A function-level human-oversight framework for knowledge work is adjacent and transferable, but only lightly connected to developer workflows.","AI will replace functions, not persons: a function-level framework for AI integration in knowledge work"
LBBJ3LGD,discard,24,out-of-scope,Primarily evaluates an LLM code-generation method and complexity outcomes without a human oversight or governance mechanism.,LLM as a code generator in agile model driven development
ZJYYPLA7,context,55,,"Empirically measures quality risks in Copilot-generated code and automated remediation, but lacks an organizational human-oversight frame.",Copilot-in-the-loop: fixing code smells in copilot-generated python code using copilot
NAS4ZSWE,core,78,,Presents a staged LLM code-generation workflow with human-in-the-loop correction and measured accuracy in an industrial setting.,A modular code generation method for industrial automation systems based on large-language models
RNSNBXYH,context,46,,"Broader agentic-AI governance concepts such as bounded agency and observability transfer to oversight-at-speed, but the abstract is thin and non-code-specific.","Institutions, organizations, and the bounded agency imperative; rethinking governance design in the age of agentic AI"
D5RXSP2P,core,72,,"Describes an autonomous software-development framework with operational guardrails, permissions, sandboxing, and evaluation results.",AutoDev: automated AI-driven development
I2J69IHM,context,45,,"An AI governance-to-production diagnostic framework is transferable to organizational oversight maturity, but domain-specific to banking and not code generation.",The governance-to-production gap (G2P): a diagnostic model for AI adoption in mid-tier banks
2NRJ4FXR,core,76,,"Reports an enterprise AI-augmented software delivery case with review acceptance, test outcomes, staffing effects, and workflow constraints.",One developer is all you need: a case study of an AI-augmented one-person squad in a brownfield enterprise
XJAXB98T,core,97,,"Directly studies GenAI governance for OSS contribution, review, verification, accountability, provenance, and review-capacity burdens.",Beyond banning AI: a first look at GenAI governance in open source software communities
7UASJDLI,discard,22,out-of-scope,Focuses on automated test-case generation capability and on-prem deployment without human oversight or governance of AI-generated code.,Leveraging pre-trained large language models (LLMs) for on-premises comprehensive automated test case generation: an empirical study
J998BUDB,context,60,,"Provides metrics for scalable governance and human-in-the-loop limits in enterprise data systems, transferable despite being outside software code.",Lights-off data factory: measuring epistemic autonomy in governance-first data systems
SGJU94AS,context,47,,"Discusses vibe coding workflows and governance needs in academic settings, but appears largely descriptive and toolchain-oriented.",Academic vibe coding: opportunities for accelerating research in an era of resource constraint
N8HSZ7BC,core,73,,"Empirically benchmarks license-compliance risks in LLM-generated code, supplying measurable governance-relevant risk evidence.",Licoeval: evaluating LLMs on license compliance in code generation
NS3L4YKR,context,34,,"Cybersecurity governance recommendations around AI risk frameworks are transferable, but the abstract is thin and not code-generation-specific.","SOC 2.0: less triage, more treachery"
H38TX28S,core,71,,"Empirically studies vulnerability reduction in LLM-generated code through prompting guidance, offering measurable oversight-relevant risk controls.",Balancing security and correctness in code generation: an empirical study on commercial large language models
ZPDCIE7J,context,57,,"Targets vibe-coding prompt control through requirements engineering, but emphasizes prompt optimization rather than human oversight outcomes.",REprompt: prompt generation for intelligent software development guided by requirements engineering
E3E5YA2E,core,77,,"Qualitatively studies professional experiences with AI coding, automation bias, hidden vulnerabilities, and the need for organizational oversight policies.","Redefining the programmer: human-AI collaboration, LLMs, and security in modern software engineering"
CI93QRUH,core,89,,Directly tests a human-in-the-loop code-generation interface that reduces vulnerabilities and over-reliance in security-related tasks.,HiLDE: intentional code generation via human-in-the-loop decoding
KPCQUEL2,core,76,,"Directly provides an operational testbed and measurements for IP-risk in code-generation models, which is a concrete AI-code governance concern.",CodeIPPrompt: intellectual property infringement assessment of code language models
DYKE748V,core,84,,Empirically links organizational AI governance capabilities to quality-adjusted productivity in generative AI pair coding.,The role of firm AI capabilities in generative AI-pair coding
EZ7SAJ2A,context,36,,"The thin abstract suggests a general enterprise AI operating-model framework with governance relevance, but it is not code-specific.",Enterprise AI adoption decisioning
Z4SZM266,context,58,,"It concerns AI reshaping software outsourcing and proposes governance structures, but oversight of AI-generated code is only indirect.",The AI-driven vendor: impact of AI on offshore software outsourcing
3EQ6PLAW,context,52,,"It offers transferable socio-technical principles for human oversight and organizational adaptation, though not specific to generated code.",Comparing socio-technical design principles with guidelines for human-centered AI
M26XRCRE,context,44,,"The thin abstract points to transferable AI-governance mechanisms for automation bias and sycophancy, but not a software-code pipeline.","Sycophancy, automation bias, and compressed diffusion: an unaddressed convergence in AI governance"
5IZXVQS6,context,42,,"The randomized evidence on AI trust, cognitive engagement, and automation bias is transferable but outside software engineering.",Biased AI improves human decision-making but reduces trust
ZG9B7UN2,context,61,,"It studies LLM effects on SDLC team collaboration with some trust and security implications, but not concrete oversight of generated code.",Impact of LLMs on team collaboration in software development
9CP6AU7D,core,89,,"It provides a software-engineering taxonomy, governance doctrine, and evaluation scorecard for auditable and controllable agentic systems used in coding.",Clawed and dangerous: can we trust open agentic systems?
PIYZKWWA,context,39,,"The RCT evidence on speed and accuracy for a security copilot is transferable to human-AI work quality, but the abstract is thin and not code-focused.",Randomized controlled trials for Microsoft copilot for security
7ECA3PNE,context,64,,"It describes an empirical security oversight layer for MCP-based agentic systems, but the code-generation connection is indirect in the abstract.",MCP guardian: a security-first layer for safeguarding MCP-based AI system
QYT8RRWL,core,78,,"This systematic review directly covers agentic software engineering, including autonomous coding, human-agent collaboration, reliability, and explainability.",Methods and techniques of agentic software engineering: a systematic literature review
F72TIGMC,context,38,,"The bounded-agency governance concept is broadly transferable to autonomous AI oversight, but the abstract is thin and not software-specific.",Bounded agency: an ethical and institutional limit for autonomous AI systems
H8NKQ7B8,core,72,,It proposes and evaluates LLM-based classification of code-review comments as a scalable code-review analytics mechanism.,Exploring the potential of large language models in fine-grained review comment classification
H2F9R5RA,context,55,,"The thin abstract suggests a diagnostic framework for human governance of autonomous agents, but it is not clearly tied to software pipelines.",WHEEL OS™: a human governance diagnostic framework for autonomous agentic systems
X7EN6DXZ,core,94,,"It directly studies LLM-assisted security code review in real-world pipelines, adversarial failure modes, mitigations, and the need for human oversight.",Measuring and exploiting contextual bias in LLM-assisted security code review
EHEQPUT7,context,66,,"It provides a systematic map of responsible-AI governance tools by actor and lifecycle stage, strongly transferable though not code-specific.","The ''who"", ''what"", and ''how"" of responsible AI governance: a systematic review and meta-analysis of (actor, stage)-specific tools"
XWRDVMR6,context,48,,"It mentions vibe coding and enterprise governance in assistant platforms, but the abstract is thin and appears more comparative than oversight-focused.",Custom GPTs vs. Gemini gems: a technical comparison of AI assistant platforms including an analysis of vibe coding for agentic AI development
QA6MIBD8,core,74,,It benchmarks vulnerability risks in Copilot-generated code and explicitly supports continued critical developer evaluation.,Artificially insecure: examining GitHub copilot’s AI-based vulnerability prevention system
WH2PIBNQ,core,82,,"It directly frames responsible vibe coding as a socio-technical lifecycle issue with governance, reliability, security, and organizational research agenda components.","Responsible vibe coding: architecture, opportunities, and research agenda"
HNVJS7HS,context,63,,"It reviews GenAI in secure software coding workflows, but the abstract emphasizes benefits and challenges more than scalable human oversight mechanisms.",The role of generative AI in strengthening secure software coding practices: a systematic perspective
I2IWRQVZ,core,96,,"It provides a benchmark, reviewer protocol, empirical failure rates, and adversarial-review mitigation for coding-agent vulnerability oversight.",MOSAIC-bench: measuring compositional vulnerability induction in coding agents
SVPFXI3P,discard,18,out-of-scope,It concerns LLM-based academic peer review rather than software engineering or AI-generated code oversight.,From replication to redesign: exploring pairwise comparisons for LLM-based peer review
X7S3ELFB,context,50,,Its governance-first framework for agentic AI in business intelligence is transferable to oversight design but outside code generation.,Decision-agent fit in business intelligence: a governance-first framework for agentic AI
462N6DT8,core,73,,"Expert interviews directly address GenAI in software development, including over-reliance, skill degradation, and organizational adoption implications.",Developers’ dilemma: opportunities and pitfalls of generative AI for software development
