seq,item_key,title,authors,year,item_type,abstract,bin,centrality,reason_code,rationale
1,8L2G3J4Q,♪ with a little help from my (LLM) friends: enhancing static analysis with LLMs to detect software vulnerabilities,A. Munson; J. Gomez; Á. A. Cárdenas,2025,conferencePaper,"This paper explores the integration of Large Language Models (LLMs) with static analysis tools, specifically Semgrep, to enhance vulnerability detection in Java applications. Through a series of experiments, we evaluate the performance of various LLMs in triaging security weaknesses identified by Semgrep. We also study how LLMs perform across different types of vulnerabilities and assess the impact of various prompt engineering strategies. Our results reveal that while some LLM models reduce the accuracy of baseline results with static analysis, they show a consistent improvement with each new model released. In particular, o1-mini significantly outperformed others in our experiments in terms of their accuracy and false positive reduction. Although LLMs might not be ready for prime time in vulnerability detection yet, this study highlights their growing potential to complement existing tools and paves the way for future research to further optimize LLM-based vulnerability detection systems.",context,50,,"This is about LLM in scanning tools, not directly oversight."
2,4VXJUF5I,From tokens to tactics: operationalizing generative AI in enterprise workflows,Hassan; Deshapaga; Bansod et al.,2025,conferencePaper,"Generative Artificial Intelligence (GenAI) has been of great transformative value in terms of its language abilities within businesses, but also its ability to make operations more efficient and even high level. The current paper entails an in-depth discussion of how companies can shift the experimentation to the tactical phase of large-scale implementation of GenAI in various business processes. We explore architectural, integration and governance structures that are required to integrate GenAI into business-critical processes including automation of customer support and document intelligence, personalized marketing and software development at breakneck speed. The operational model is a layered one that suggests alignment between GenAI capabilities, data pipelines, human-in-the-loop systems and the boundaries of compliance. Case studies emphasise the measurable productivity increments and risk preventive measures. This work helps to define a practical stepping stone towards scaling GenAI beyond proof-of-concept to business-ready solutions by narrowing the divide that exists between the results model outputs and something that can be used in concrete business. © 2025 IEEE.",core,80,,Covers software and human oversight.
3,GD3RMX4R,On integrating resilience and human oversight into LLM-assisted modeling workflows for digital twins,P; Karanjkar,2026,preprint,"LLM-assisted modeling holds the potential to rapidly build executable Digital Twins of complex systems from only coarse descriptions and sensor data. However, resilience to LLM hallucination, human oversight, and real-time model adaptability remain challenging and often mutually conflicting requirements. We present three critical design principles for integrating resilience and oversight into such workflows, derived from insights gained through our work on FactoryFlow - an open-source LLM-assisted framework for building simulation-based Digital Twins of manufacturing systems. First, orthogonalize structural modeling and parameter fitting. Structural descriptions (components, interconnections) are LLM-translated from coarse natural language to an intermediate representation (IR) with human visualization and validation, which is algorithmically converted to the final model. Parameter inference, in contrast, operates continuously on sensor data streams with expert-tunable controls. Second, restrict the model IR to interconnections of parameterized, pre-validated library components rather than monolithic simulation code, enabling interpretability and error-resilience. Third, and most important, is to use a density-preserving IR. When IR descriptions expand dramatically from compact inputs hallucination errors accumulate proportionally. We present the case for Python as a density-preserving IR : loops express regularity compactly, classes capture hierarchy and composition, and the result remains highly readable while exploiting LLMs strong code generation capabilities. A key contribution is detailed characterization of LLM-induced errors across model descriptions of varying detail and complexity, revealing how IR choice critically impacts error rates. These insights provide actionable guidance for building resilient and transparent LLM-assisted simulation automation workflows.",context,30,,Separate domain.
4,VFZXPDJX,Enhancing human-machine pair inspection with risk number and code inspection diagram,Dai; Liu; Xu,2024,journalArticle,"Software inspection is a widely-used approach to software quality assurance. Human-Machine Pair Inspection (HMPI) is a novel software inspection technology proposed in our previous work, which is characterized by machine guiding programmers to inspect their own code during programming. While our previous studies have shown the effectiveness of HMPI in telling risky code fragments to the programmer, little attention has been paid to the issue of how the programmer can be effectively guided to carry out inspections. To address this important problem, in this paper we propose to combine Risk Number with Code Inspection Diagram (CID) to provide accurate guidance for the programmer to efficiently carry out inspections of his/her own programs. By following the Code Inspection Diagram, the programmer will inspect every checking item shown in the CID to efficiently determine whether it actually contain bugs. We describe a case study to evaluate the performance of this method by comparing its inspection time and number of detected errors with our previous work. The result shows that the method is likely to guide the programmer to inspect the faulty code earlier and be more efficient in detecting defects than the previous HMPI established based on Cognitive Complexity.",core,80,,includes risk identification and directing the human to the risky code.
5,7V7SRG43,CodeAgent: autonomous communicative agents for code review,Tang; Kim; Song et al.,2024,preprint,"Code review, which aims at ensuring the overall quality and reliability of software, is a cornerstone of software development. Unfortunately, while crucial, Code review is a labor-intensive process that the research community is looking to automate. Existing automated methods rely on single input-output generative models and thus generally struggle to emulate the collaborative nature of code review. This work introduces \tool{}, a novel multi-agent Large Language Model (LLM) system for code review automation. CodeAgent incorporates a supervisory agent, QA-Checker, to ensure that all the agents' contributions address the initial review question. We evaluated CodeAgent on critical code review tasks: (1) detect inconsistencies between code changes and commit messages, (2) identify vulnerability introductions, (3) validate code style adherence, and (4) suggest code revision. The results demonstrate CodeAgent's effectiveness, contributing to a new state-of-the-art in code review automation. Our data and code are publicly available (\url{https://github.com/Code4Agent/codeagent}).",context,60,,Overly focused on the code review process.
6,GCZQTNBD,LLM4VV: exploring LLM-as-a-judge for validation and verification testsuites,Sollenberger; Patel; Munley et al.,2025,conferencePaper,"Large Language Models (LLM) continue to improve and are revolutionizing the landscape of software development. These large models have demonstrated potential to generate, debug, test, analyze, document, and even translate code. Thus they are a valuable tool in the software development cycle. If used correctly, such tools can often accelerate the development cycle. Though the tools are powerful and new, the community is cautious of training using biased or sensitive data, which can lead to biased, dangerous, or incorrect outputs along with the inadvertent release of confidential information. Additionally, the carbon footprints and the un-explainability of these ""black box"" models continue to raise questions about the reliability of LLMs.With these opportunities and these challenges ahead, this paper explores the idea of ""judging"" LLM-generated code to better understand and ""open up"" the un-explainable ""black box"" models used by LLMs. We probe into the black box of one such LLM that has generated the best compiler tests for the directive-based programming models OpenMP and OpenACC in our earlier research. We challenge DeepSeek's deepseek-coder-33B-instruct model with intentionally-erroneous code, and we also define relevant metrics and adopt an agent-based approach to evaluate the LLM and assess its capabilities as an LLM-as-a-judge. We also develop a pipeline-based approach to streamline the entire workflow. Finally, we make use of all of these strategies together to develop a more reliable method for automatically validating LLM-generated compiler tests. Based on our results, utilizing an agent-based prompting approach and setting up a validation pipeline structure drastically increased the quality of deepseek-coder-33B-instruct evaluation of tests which are used to validate compiler implementations of directive-based parallel programming models.",context,50,,Discusses LLM judging in related scenario.
7,GPL5G889,A model for types and levels of human interaction with automation,Parasuraman; Sheridan; Wickens,2000,journalArticle,"We outline a model for types and levels of automation that provides a framework and an objective basis for deciding which system functions should be automated and to what extent. Appropriate selection is important because automation does not merely supplant but changes human activity and can impose new coordination demands on the human operator. We propose that automation can be applied to four broad classes of functions: 1) information acquisition; 2) information analysis; 3) decision and action selection; and 4) action implementation. Within each of these types, automation can be applied across a continuum of levels from low to high, i.e., from fully manual to fully automatic. A particular system can involve automation of all four types at different levels. The human performance consequences of particular types and levels of automation constitute primary evaluative criteria for automation design using our model. Secondary evaluative criteria include automation reliability and the costs of decision/action consequences, among others. Examples of recommended types and levels of automation are provided to illustrate the application of the model to automation design.",context,50,,"Not focused on software and no clear triage of concerns for human review,"
8,82N4MFN7,A situation awareness perspective on human-agent collaboration: tensions and opportunities,Jiang; Karran; Coursaris et al.,2021,conferencePaper,"The rise of automation and artificial intelligence within the organization has come with many benefits. However, in conjunction with these benefits have come various concerns related to user empowerment (e.g., over-reliance, loss of human agency, lack of trust). Human-Computer Interaction researchers are seeking ways to address these concerns by informing user interface and task design. However, an overarching framework providing a holistic perspective is needed to guide such effort. We propose that for the intelligent agents to be utilized optimally within the organization, a contextual perspective is needed to capture various factors related to the user, task, technology, and environment, which can inform the value proposition of human-agent collaboration in the organization. To this end, we propose a situation awareness (SA) approach as a promising lens, which would in turn promote a human-centered artificial intelligence design and development perspective. This paper introduces the theoretical basis for SA and discusses three major tensions and the associated opportunities for developing SA in human-agent collaboration. © 2021, Springer Nature Switzerland AG.",context,50,,None software focus on presenting situation awareness of AI to humans.
9,S7BJA4RD,AI-assisted collaboration: exploring developer experience with GitHub copilot and windsurf,S. C. Winckler; J. F. Ribeiro; L. S. Machado et al.,2026,journalArticle,"AI-assisted tools are reshaping how developers work, yet empirical research examining their impact through developer experience (DevEx) frameworks remains limited. This study investigates the adoption of AI-assisted coding tools, including GitHub Copilot and Windsurf, within software development at a Fintech organization. We conducted a mixed-methods study over a three-month period, combining quantitative usage telemetry with qualitative thematic analysis of practitioner reflections within a 36-person technical unit. The analysis maps the impact of AI tools across three dimensions of DevEx: flow state, feedback loops, and cognitive load. Our findings reveal a productivity–validation tension: while practitioners report accelerated routine tasks and describe AI-assisted tools as “game changers,” they continue to experience substantial validation burdens related to prompt formulation, output verification, and architectural alignment. Additionally, emergent dynamics highlight AI adoption as a socio-technical transformation requiring DevEx monitoring rather than simple tool substitution.",context,50,,AI assisted coding evaluation.
10,RPHK78A9,"Vibe Coding: Building Production-Grade Software with GenAI, Chat, Agents, and Beyond",Kim; Yegge,2025,book,"Vibe Coding: Building Production-Grade Software with GenAI, Chat, Agents, and Beyond (2025) by Gene Kim and Steve Yegge provides a comprehensive practitioner guide to AI-assisted software development, from individual productivity techniques to organizational governance at scale. The book introduces a taxonomy of AI coding modes (completions, chat, agentic) and argues that the bottleneck in AI-augmented development is shifting from code generation to oversight, testing, and organizational coordination. Part 4 is particularly relevant to AI governance research: it documents the 2024 DORA anomaly (every 25% increase in GenAI adoption correlating with 7% worse stability and 1.5% throughput reduction), presents empirical case studies from Adidas (700 developers) and Booking.com (3,000+ developers), and frames organizational ""Layer 3 wiring"" — governance structures, standards, and accountability mechanisms — as the critical determinant of whether AI coding amplifies or degrades software delivery performance. The book articulates practitioner-level governance mechanisms including risk-based ownership (""you build it, you run it""), automated code review agents, organizational standards documentation (AGENTS.md), and tiered governance frameworks. Foreword by Dario Amodei, CEO of Anthropic.",core,75,,"Grey literature, but completely on topic."
11,M26KA89J,"Cyborgs, centaurs and self-automators: the three modes of human-GenAI knowledge work and their implications for skilling and the future of expertise",Steven Randazzo; Hila Lifshitz-Assaf; Katherine Kellogg et al.,2024,journalArticle,"Research on human–AI collaboration in professional settings has focused primarily on isolated interactions between knowledge professionals and AI, usually / We show how what seems to be the same “human-in-the-loop” workflow for decision making is actually enacted in three ways with significantly different implications / generative AI, artificial intelligence, knowledge work, co-creation, human-AI interaction, future of work, responsible AI",context,50,,Human AI partnership investigation.
12,MQ5KZQTX,Human and machine: how software engineers perceive and engage with AI-assisted code reviews compared to their peers,A. Alami; N. Ernst,2025,conferencePaper,"The integration of artificial intelligence (AI) continues to increase and evolve, including in software engineering (SE). This integration involves processes traditionally entrusted to humans, such as coding. However, the impact on sociotechnical processes like code review remains underexplored. In this interview-based study (20 interviewees), we investigate how software engineers perceive and engage with Large Language Model (LLM)-assisted code reviews compared to human peerled reviews. In this inherently human-centric process, we aim to understand how software engineers navigate the introduction of AI into collaborative workflows. We found that engagement in code review is multi-dimensional, spanning cognitive, emotional, and behavioral dimensions. The introduction of LLM-assisted review impacts some of these attributes. For example, there is less need for emotional regulation and coping mechanisms when dealing with an LLM compared to peers. However, the cognitive load sometimes is higher in dealing with LLM-generated feedback due to its excessive details. Software engineers use a similar sense-making process to evaluate and adopt feedback suggestions from their peers and the LLM. However, the LLM feedback adoption is constrained by trust and lack of context in the review. Our findings contribute to a deeper understanding of how AI tools are impacting SE socio-technical processes and provide insights into the future of AI-human collaboration in SE practices.",context,50,,About how humans use AI code review assistents.
13,SHAIEC8U,Transformer models for code review comment generation: a performance comparison on GitHub data,Y. Gogri; A. Panchal; Y. Khatri et al.,2025,conferencePaper,"Automated code review is an essential aspect of modern software development, enhancing code quality and maintainability. In this study, the performance of four pre-trained transformer based models T5-Small, CodeT5-Base, CodeBERT, and T5-Base for generating review comments on Python code changes were compared. A custom dataset gathered from GitHub pull request reviews is used to fine-tune each model on structured metadata, encompassing filenames, diff hunks, code modifications, and developer feedback. Evaluation metrics using BLEU score, ROUGE score, and human assessment shows that T5-Small achieves strong results despite its smaller size, generating contextually relevant and readable comments. CodeT5-Base also performs well, leveraging its code-specific pretraining, while CodeBERT excels in representing code, but struggles with fluent text generation. T5-Base, despite being larger, does not significantly outperform the smaller models. These findings highlight the efficiency of lightweight models like T5-Small in automated code review while underscoring the trade-offs between model size, fluency, and domain-specific performance.",discard,25,out-of-scope,evaluating quality of AI code review models.
14,HCQSZWZR,Toward robust security orchestration and automated response in security operations centers with a hyper-automation approach using agentic artificial intelligence,Kurnia; Brata; Nelistiani et al.,2025,journalArticle,"The evolving landscape of cybersecurity threats demands the modernization of Security Operations Centers (SOCs) to enhance threat detection, response, and mitigation. Security Orchestration, Automation, and Response (SOAR) platforms play a crucial role in addressing operational inefficiencies; however, traditional no-code SOAR solutions face significant limitations, including restricted flexibility, scalability challenges, inadequate support for advanced logic, and difficulties in managing large playbooks. These constraints hinder effective automation, reduce adaptability, and underutilize analysts’ technical expertise, underscoring the need for more sophisticated solutions. To address these challenges, we propose a hyper-automation SOAR platform powered by agentic-LLM, leveraging Large Language Models (LLMs) to optimize automation workflows. This approach shifts from rigid no-code playbooks to AI-generated code, providing a more flexible and scalable alternative while reducing operational complexity. Additionally, we introduce the IVAM framework, comprising three critical stages: (1) Investigation, structuring incident response into actionable steps based on tailored recommendations, (2) Validation, ensuring the accuracy and effectiveness of executed actions, (3) Active Monitoring, providing continuous oversight. By integrating AI-driven automation with the IVAM framework, our solution enhances investigation quality, improves response accuracy, and increases SOC efficiency in addressing modern cybersecurity threats. © 2025 by the authors.",context,50,,About using AI to accelerate engineering.
15,KGAV77U3,VIBEPASS: can vibe coders really pass the vibe check?,Bansal; Fangkai; Zhou et al.,2026,preprint,"As Large Language Models shift the programming toward human-guided ''vibe coding'', agentic coding tools increasingly rely on models to self-diagnose and repair their own subtle faults -- a capability central to autonomous software engineering yet never systematically evaluated. We present \name{}, the first empirical decomposition that jointly evaluates two coupled tasks: \emph{Fault-Triggering Test Generation (FT-Test)} constructing a discriminative witness that exposes a latent bug, and \emph{Fault-targeted Program Repair (FPR)}, repairing it under varying diagnostic conditions. \name{} pairs competitive programming problems with LLM-generated solutions that pass partial test suites but fail on semantic edge cases, enabling controlled identification of where the diagnostic chain breaks down. Evaluating 12 frontier LLMs, we find that fault-targeted reasoning does not scale with general coding ability. Models produce syntactically valid test inputs at near-ceiling rates yet collapse on discriminative generation, with fault hypothesis generation -- not output validation -- as the dominant bottleneck. Test-guided repair reveals a complementary insight: when self-generated tests successfully witness a fault, the resulting repair matches or outperforms repair guided by externally provided tests, but tests that fail to witness the fault actively degrade repair below unguided baselines. Together, these results reframe the challenge of autonomous debugging: the binding bottleneck is not code synthesis or test validity but fault-target reasoning, a capability that remains deficient across all frontier models. As Large Language Models shift the programming toward human-guided ''vibe coding'', agentic coding tools increasingly rely on models to self-diagnose and repair their own subtle faults -- a capability central to autonomous software engineering yet never systematically evaluated.",context,60,,Focus on adversarial agents for testing and debugging.
16,79JAXRME,Self-suppressing correction in agentic AI platforms: a conceptual framework for coupled epistemic degradation,Paul Gallacher,2026,journalArticle,"Agentic AI systems do not simply answer prompts. They select, sequence, and execute actions across workflows, tools, and institutional settings. / agentic AI, platform governance, reinforcement learning from human feedback, sycophancy, epistemic degradation, market failure",discard,25,quality-threshold-not-met,"Abstract very lightweight, seems not related."
17,VFE9BX2T,"Deployability-centric infrastructure-as-code generation: fail, learn, refine, and succeed through LLM-empowered DevOps simulation",Zhang; Pan; Zhang et al.,2025,preprint,"Infrastructure-as-Code (IaC) generation holds significant promise for automating cloud infrastructure provisioning. Recent advances in Large Language Models (LLMs) present a promising opportunity to democratize IaC development by generating deployable infrastructure templates from natural language descriptions. However, current evaluation focuses on syntactic correctness while ignoring deployability, the critical measure of the utility of IaC configuration files. Six state-of-the-art LLMs performed poorly on deployability, achieving only 20.8$\sim$30.2% deployment success rate on the first attempt. In this paper, we construct DPIaC-Eval, the first deployability-centric IaC template benchmark consisting of 153 real-world scenarios cross 58 unique services. Also, we propose an LLM-based deployability-centric framework, dubbed IaCGen, that uses iterative feedback mechanism encompassing format verification, syntax checking, and live deployment stages, thereby closely mirroring the real DevOps workflows. Results show that IaCGen can make 54.6$\sim$91.6% generated IaC templates from all evaluated models deployable in the first 10 iterations. Additionally, human-in-the-loop feedback that provide direct guidance for the deployability errors, can further boost the performance to over 90% passItr@25 on all evaluated LLMs. Furthermore, we explore the trustworthiness of the generated IaC templates on user intent alignment and security compliance. The poor performance (25.2% user requirement coverage and 8.4% security compliance rate) indicates a critical need for continued research in this domain.",context,50,,Performance of LLM for infrastructure setup tasks.
18,DY2Y5QE3,"Rogue AI agents won't be testifying-you will: agentic AI, IP and liability risks, and a path forward",Justin Pierce; Heather West; Brandon Phemester,2026,journalArticle,"systems act beyond intended bounds, interact with restricted systems, accept terms, access protected data, or make external representations on behalf of an organization / For companies operating in IP-intensive and regulated environments, agentic AI governance must be treated not as a technical afterthought but as a core",discard,25,quality-threshold-not-met,"Abstract very lightweight, seems not related."
19,5I2W8IC6,Mapping the trust terrain: LLMs in software engineering - insights and perspectives,Khati; Liu; Palacio et al.,2025,journalArticle,"The application of Large Language Models (LLMs) in Software Engineering (SE) continues to grow rapidly across both industry and academia. As these models become integral to critical SE processes, ensuring their reliability and trustworthiness becomes essential. Achieving this requires a balanced approach to trust: excessive trust can introduce security vulnerabilities, while insufficient trust may hinder innovation. However, the conceptual landscape of trust in LLMs for SE(LLM4SE) remains unclear. Key concepts such as trust, distrust, and trustworthiness lack precise definitions, factors that shape trust formation remain underexplored, and metrics for trust in LLMs remain undeveloped. To clarify the current research landscape and identify future directions, we conducted a comprehensive review of (88) articles: a systematic review of (18) studies on LLMs in SE, supplemented by an analysis of (70) articles from the broader trust literature. Furthermore, we surveyed (25) domain experts to gather practitioners’ perspectives on trust and identify gaps between their experiences and the existing literature. Our findings provide a structured overview of trust-related concepts in LLM4SE, outlining key areas for future research. This study contributes to building more trustworthy LLM-assisted software engineering processes, ultimately supporting safer and more effective adoption of LLMs in SE.",core,80,,"inspection of what constitutes ""trust."" Escalation for hurman review is the inverse, so could yield insight."
20,4YKMK4ZI,On the impossibility of observability-based authorization: a formal impossibility result for ex-ante AI governance,Edward Meyman,2026,journalArticle,"compliance evidence remain underdeveloped. / Implications for procurement, audit, and regulatory oversight are discussed, along with limitations and directions for empirical benchmarking. / AI governance, governance laundering, policy theater, compliance architecture, failure modes, anti-laundering tests, deterministic governance, evidence-grade / governance, AI regulation, regulatory compliance, audit methodology, independent verification, algorithmic accountability, evidentiary standards",context,50,,"Abstract truncated, but seems related."
21,XKEY3YYF,Evaluating human-language model interaction,Lee; Srivastava; Hardy et al.,2024,preprint,"Many real-world applications of language models (LMs), such as writing assistance and code autocomplete, involve human-LM interaction. However, most benchmarks are non-interactive in that a model produces output without human involvement. To evaluate human-LM interaction, we develop a new framework, Human-AI Language-based Interaction Evaluation (HALIE), that defines the components of interactive systems and dimensions to consider when designing evaluation metrics. Compared to standard, non-interactive evaluation, HALIE captures (i) the interactive process, not only the final output; (ii) the first-person subjective experience, not just a third-party assessment; and (iii) notions of preference beyond quality (e.g., enjoyment and ownership). We then design five tasks to cover different forms of interaction: social dialogue, question answering, crossword puzzles, summarization, and metaphor generation. With four state-of-the-art LMs (three variants of OpenAI's GPT-3 and AI21 Labs' Jurassic-1), we find that better non-interactive performance does not always translate to better human-LM interaction. In particular, we highlight three cases where the results from non-interactive and interactive metrics diverge and underscore the importance of human-LM interaction for LM evaluation.",context,40,,Measurement of effectiveness of human engagement.
22,VEEEW3K9,Generative AI-assisted framework for secure and autonomous software development lifecycle optimization,P. Srinivas; A. Rahmath Mohammad; T. Neelima et al.,2026,conferencePaper,"The rapid evolution of software development demands innovative approaches to enhance security, efficiency, and automation throughout the Software Development Lifecycle (SDLC). This paper presents a comprehensive Generative AI-assisted framework that integrates large language models and machine learning techniques to optimize and secure the SDLC. The proposed framework leverages generative AI capabilities across multiple phases including requirements analysis, code generation, vulnerability detection, automated testing, and deployment optimization. By incorporating AI-driven threat modeling and continuous security assessment, the framework addresses critical challenges in identifying vulnerabilities early in development while maintaining code quality and reducing time-to-market. The system employs advanced prompt engineering techniques and context-aware code analysis to generate secure code patterns, detect security anomalies, and suggest remediation strategies in real-time. Experimental validation demonstrates significant improvements in vulnerability detection rates, code quality metrics, and development efficiency compared to traditional SDLC approaches. The framework achieves automated security scanning with minimal false positives while maintaining developer productivity. This research contributes to the emerging field of AI-assisted software engineering by providing a practical, scalable solution for organizations seeking to modernize their development processes while prioritizing security and autonomy.",context,50,,"Focus on AI agents for coding, but doesn't seem to include risk identification, scoring, escalation to humans"
23,CAXNTRJF,Machine learning solutions to automated governance and code analysis to compliance,A. A. Paul; H. T.V; U. Maheswari,2025,conferencePaper,"The GRC Analyser is a new AI product aimed at closing the software development and the Governance, Risk, and compliance (GRC) standards (ISO 27001, GDPR and SOC 2) gap. In contemporary organizations, programmers tend to develop software without profound knowledge of these complicated regulatory and security provisions, and potentially vulnerable and compliant problems may occur. The suggested system takes advantage of the concept of the Machine Learning (ML) models trained with the use of the secure code directions and industry standards and helps to examine uploaded code modules automatically. It determines the vulnerabilities like poor data management, lack of proper input validation and lack of encryption tools, which are among the main causes of security threats. The GRC Analyser provides clear and practical advice to developers when the flaws are identified through recommendations after identifying potential risks. This does not only enhance the security of the code but also makes sure that it is matched to compliance requirements at their initial development phases. The tool will enable organizations to minimize the human error, cost of auditing, and regulatory readiness by incorporating AI-based security auditing within the software lifecycle. Finally, it is observed that the GRC Analyser encourages the creation of resilient, secure, and legal applications and empowers developers to make a proactive stance on governance and cybersecurity.",context,40,,About making engineers more aware of compliance concerns.
24,C2K75UGE,The vicious circles of skill erosion: a case study of cognitive automation,Rinta-Kahila; Penttinen; Salovaara et al.,2023,journalArticle,"Cognitive automation powered by advanced intelligent technologies is increasingly enabling organizations to automate more of their knowledge work tasks. Although this often offers higher efficiency and lower costs, cognitive automation exacerbates the erosion of human skill and expertise in automated tasks. Accepting the erosion of obsolete skills is necessary to reap the benefits of technology—however, the erosion of essential human expertise is problematic if workers remain accountable for tasks for which they lack sufficient understanding, rendering them incapable of responding if the automation fails. Though the phenomenon is widely acknowledged, the dynamics behind such undesired skill erosion are poorly understood. Thus, taking the perspective of sociotechnical systems, we conducted a case study of an accounting firm that had experienced skill erosion over a number of years due to reliance on their software’s automated functions. We synthesized our findings using causal loop modeling based on system dynamics. The resulting dynamic model explains skill erosion via an interplay between humans’ automation reliance, complacency, and mindful conduction. It shows how increasing reliance on automation fosters complacency at both individual and organizational levels, weakening workers’ mindfulness across three work task facets (activity awareness, competence maintenance, and output assessment), resulting in skill erosion. Such skill erosion may remain obscure, acknowledged by neither workers nor managers. We conclude by discussing the implications for theory and practice and identifying directions for future research. © 2023, Association for Information Systems. All rights reserved.",context,60,,Addresses skill erosion in related area.
25,TLJPGLK9,AI CHAOS! 2nd workshop on the challenges for human oversight of AI systems,Khadar; Cecil; Van Der Neut et al.,2026,conferencePaper,"As AI systems are increasingly adopted in high-stakes domains such as healthcare, autonomous driving, and criminal justice, their failures may threaten human safety and rights. Human oversight of AI systems is therefore critically important as a potential safeguard to prevent harmful consequences in high-risk AI applications. The global regulatory and policy landscape for AI governance remains understandably fragmented and diverse. While frameworks like the European AI Act require human oversight for high-risk AI systems, there is currently a lack of well-defined methodologies and conceptual clarity to operationalize such oversight effectively. Independent of policy and regulation, poorly designed oversight can create dangerous illusions of safety while obscuring accountability. This interdisciplinary workshop aims to bring together researchers from various disciplines, including AI, HCI, psychology, law, and policy, to address this critical gap. We will explore the following questions: (1) What are the greatest challenges to achieving effective human oversight of AI systems? (2) How can we design AI systems that enable meaningful human oversight? (3) How do we assign responsibilities to and support the various stakeholders involved in oversight? Through talks and interactive group discussions, participants will identify oversight challenges; examine stakeholder roles; discuss supporting tools, methods, and regulatory frameworks; and establish a collaborative research agenda. Our central goal is to further a roadmap that enables effective human oversight for the responsible deployment of AI in society.",core,80,,"Define and understand how human oversight operates, including when needed."
26,76DYS6RI,Model-assisted and human-guided: perceptions and practices of software professionals using LLMs for coding,I. Santos; C. Magalhaes; R. De Souza Santos,2025,conferencePaper,"Large Language Models (LLMs) have quickly become a central component of modern software development workflows, and software practitioners are increasingly integrating LLMs into various stages of the software development lifecycle. Despite the growing presence of LLMs, there is still limited understanding of how these tools are actually used in practice and how professionals perceive their benefits and limitations. This paper presents preliminary findings from a global survey of 131 software practitioners. Our results reveal how LLMs are utilized for various coding-specific tasks. Software professionals report benefits such as increased productivity, reduced cognitive load, and faster learning, but also raise concerns about LLMs' inaccurate outputs, limited context awareness, and associated ethical risks. Most developers treat LLMs as assistive tools rather than standalone solutions, reflecting a cautious yet practical approach to their integration. Our findings provide an early, practitioner-focused perspective on LLM adoption, highlighting key considerations for future research and responsible use in software engineering.",discard,20,wrong-level,Generic LLM in software study. No oversight focus.
27,7GE63LDE,Repairing infrastructure-as-code using large language models,Low; Cheh; Chen,2024,conferencePaper,"Infrastructure-as-Code (IaC) is the practice of provisioning and managing cloud resources using machine-readable code. IaC is seeing increased adoption because it enhances transparency and reliability of infrastructure operations. However, as any software code, IaC can also contain misconfigurations, which can lead to insecure infrastructure, which may result in data breaches. Existing IaC scanning tools are able to detect common misconfigurations in IaC but they require IaC developers to manually repair the code. Recent advances in Large Language Models (LLMs) have led to promising results in applying LLMs to Automatic Program Repair (APR) tasks for code written in different languages. In this work, we propose an LLM-based approach to fix misconfigurations in IaC code. After misconfigurations in IaC code are identified by scanning tools, we feed the LLMs with the IaC code, details about the misconfigurations, and additional context provided by a human-in-the-loop and prompt the LLM to generate the repaired IaC code. We tested our approach on several vulnerable IaC repositories and found that the GPT-4 model from OpenAI suggests fixes that reduce up to 84.7% of the misconfiguration alarms produced by the scanners and our two-pass solution significantly improves the performance over a one-pass only approach. However, of the fixes suggested, we manually determined that only 79.6% actually solve the problem, while the remaining 20.4% are hallucinated fixes. Specifically, LLM hallucinations in the generated outputs pass checks for misconfigurations but fail other syntax and schema validation checks or do not address the underlying security issue. We propose a few potential approaches to tackle this challenge.  © 2024 IEEE.",context,50,,Focus on infrastructure as code and human guidance
28,PMPV54J9,From tools to teammates: a framework for integrating AI agents into organizational structures,Mikhail Karpov,2026,journalArticle,"Customer‑facing scenarios introduce distinct challenges around trust, brand voice, and liability compared to internal use cases. / AI agents, organizational structure, human-AI collaboration, agentic AI, hybrid teams, team dynamics, workforce transformation",discard,20,quality-threshold-not-met,Abstract truncated. Not strongly related.
29,35GIS9BQ,Design patterns for machine learning-based systems with humans in the loop,Andersen; Maalej,2024,journalArticle,Human involvement in machine learning (ML) is a promising paradigm to overcome the limitations of purely automated predictions and improve the applicability of ML. We compile a catalog of design patterns to guide developers to select and implement human-in-the-loop solutions. OOP PATTERNS,context,60,,Unrelated.
30,GFCB367T,"AI - integrated DevSecOps for scalable, secure, and modern cloud architectures",R. K. Mahimalur; V. G. Kolla; C. D. Tank et al.,2026,conferencePaper,"Software delivery pipelines now need to be more secure, scalable, and robust due to the rapid use of cloud-native architectures. Security bottlenecks and lengthy release cycles are caused by traditional DevSecOps frameworks' high false positive rates, vulnerability to slow vulnerability alerts, and lack of automation. In order to solve these problems, this paper offers an AI-Integrated DevSecOps paradigm which integrates automation, intelligence, and continuous compliance into an already-existing CI/CD pipeline. The framework was developed through a design science research approach by combining reference architecture design, policy-as-code enforcement, artificial intelligence (AI) model integration and a controlled experiment. Fine-tuning of large language models for secure code review, risk-based vulnerability prioritisation based on machine learning, and a time-series anomaly detection model to track runtime telemetry were developed. Red team simulations and a production-scale cloud testbed with seeded controlled vulnerabilities were utilized to assess the system. With a mean time to detect of 4.5 minutes, a mean time to remediate of 12 minutes, a false positive rate of 3.2, and an F1-score of 97.5—much better than five state-of-the-art methods—the quantitative results are also encouraging. The findings demonstrate that the AI Integrated DevSecOps can provide software releases that are safe, quick, and dependable, which will aid in bridging the gap between security assurance and delivery agility after the tasks are carried out.",context,50,,Productivity by integrating AI into DevOps
31,L65X78ML,Reflections on the data protection compliance of AI systems under the EU AI act,Hohmann; Kollár,2025,journalArticle,"The European Union’s Artificial Intelligence Act (AI Act) establishes a novel regulatory framework for AI systems, with far-reaching implications for data protection compliance. This study critically analyses the regulatory environment created by the Act and its interaction with the General Data Protection Regulation (GDPR), addressing whether it provides clearer compliance pathways or introduces additional burdens for developers. Using comparative legal analysis, the research finds that the AI Act supplements the GDPR through a risk-based approach that subjects high-risk AI systems to specific obligations. Key concerns include algorithmic opacity, bias, and legal uncertainty in profiling and automated decision-making. The analysis shows that the AI Act attempts to mitigate these risks by strengthening requirements on risk assessment, human oversight, and data governance. While the Act broadly aligns with GDPR principles such as transparency, fairness, and accountability, it also introduces new procedural and documentation duties that may increase compliance complexity. Overall, the study concludes that the AI Act constitutes a complementary yet stricter regulatory layer for AI-driven data processing, balancing innovation with fundamental rights protection and requiring joint interpretation with the GDPR to ensure coherent application. © 2025 University of Pécs. Published by Informa UK Limited, trading as Taylor & Francis Group.",context,40,,Goverance focus
32,MHK56HCY,Agentic AI as assurance infrastructure: design principles for a continuous second line,Roni van der Fehr,2026,journalArticle,"The first paper in this series established that episodic gateway review is constitutively mismatched to the risk dynamics of complex adaptive / systems, and that continuous assurance represents structural reform of oversight practice rather than a marginal efficiency gain. / agentic AI, multi-agent systems, governance primitive, continuous assurance, second line of defence, evidence-first design, human accountability, responsible / AI, design principles, AI governance",context,40,,Not related to coding / human oversight
33,DQM82F3L,Research vision for Co-designing responsible AI,Daniele Quercia,2026,journalArticle,"Responsible AI principles are everywhere, but implementation is stuck between box-ticking compliance / Responsible AI principles are everywhere, but implementation is stuck between box-ticking compliance / Responsible AI principles are everywhere, but implementation is stuck between box-ticking compliance / Responsible AI principles are everywhere, but implementation is stuck between box-ticking compliance / Responsible AI principles are everywhere, but implementation is stuck between box-ticking compliance / Responsible AI principles are everywhere, but implementation is stuck between box-ticking compliance / Responsible AI principles are everywhere, but implementation is stuck between box-ticking compliance / AI Act–aligned risks, and NLP Guard to reduce harmful reliance on protected attributes after launch.",discard,10,out-of-scope,Abstract mangled. No clear relevance
34,M74M3RFJ,Developing assurance cases for adversarial robustness and regulatory compliance in LLMs,T. B. Momcilovic; D. Balta; B. Buesser et al.,2024,conferencePaper,"This paper presents an approach to developing assurance cases for adversarial robustness and regulatory compliance in large language models (LLMs). Focusing on both natural and code language tasks, we explore the vulnerabilities these models face, including adversarial attacks based on jailbreaking, heuristics, and randomization. We propose a layered framework incorporating guardrails at various stages of LLM deployment, aimed at mitigating these attacks and ensuring compliance with the EU AI Act. Our approach includes a meta-layer for dynamic risk management and reasoning, crucial for addressing the evolving nature of LLM vulnerabilities. We illustrate our method with two exemplary assurance cases, highlighting how different contexts demand tailored strategies to ensure robust and compliant AI systems.",core,80,,"Not directly coding, but discussion of risk assessment and human oversight"
35,6UQMFSB8,Contract-coding: towards repo-level generation via structured symbolic paradigm,Lin; Zhao; Shi,2026,preprint,"The shift toward intent-driven software engineering (often termed ""Vibe Coding"") exposes a critical Context-Fidelity Trade-off: vague user intents overwhelm linear reasoning chains, leading to architectural collapse in complex repo-level generation. We propose Contract-Coding, a structured symbolic paradigm that bridges unstructured intent and executable code via Autonomous Symbolic Grounding. By projecting ambiguous intents into a formal Language Contract, our framework serves as a Single Source of Truth (SSOT) that enforces topological independence, effectively isolating inter-module implementation details, decreasing topological execution depth and unlocking Architectural Parallelism. Empirically, while state-of-the-art agents suffer from different hallucinations on the Greenfield-5 benchmark, Contract-Coding achieves 47\% functional success while maintaining near-perfect structural integrity. Our work marks a critical step towards repository-scale autonomous engineering: transitioning from strict ""specification-following"" to robust, intent-driven architecture synthesis. Our code is available at https://github.com/imliinyi/Contract-Coding.",context,40,,Focus on improving vibe coding quality.
36,WEWQ9NTT,Verified adversarial reasoning intelligence (VARI): multi-agent adversarial verification for regulated AI decision-making,Eric Swidey,2026,journalArticle,"We previously demonstrated VARI as a reference architecture for EU AI Act Article 14 compliance in employment AI (Swidey, 2025). / The regulatory trajectory, including Article 14 of the EU AI Act, the Colorado AI Act (effective June 30, 2026), and the NAIC Model Bulletin, demands both / AI Governance, Adversarial Verification, Multi-Agent Systems, Legal AI, Insurance AI, Hallucination Detection, Algorithmic Discrimination, Per-Decision / Verification, EU AI Act Article 14",discard,10,out-of-scope,Not related.
37,PMSYQJQQ,"Towards just-In-time, inclusive clone refactoring",P. Roy,2025,conferencePaper,"Code clones are a well-known source of technical debt, often degrading software maintainability. Modern AI coding assistants can unintentionally introduce clones or even licenseincompatible code, posing maintenance and legal challenges. This research proposes a Large Language Model (LLM)-powered clone refactoring assistant that proactively detects duplicative code during development and suggests high-level refactorings. By bridging traditional clone detection with LLM-driven code generation or transformation, the approach aims to remove redundancies early while ensuring changes remain behavior preserving and legally compliant. The assistant will integrate into development workflows to prevent clone propagation, flag potential intellectual property risks, and incorporate developer feedback for explainable, trustworthy operation. We will evaluate its impact on code quality and developer productivity, and assess how AI enhancements influence long-term maintenance efforts.",context,40,,May be relevant as a method for identifying use of a risk pattern.
38,ML88MC4H,"A taxonomy of AI governance approaches: distinguishing visibility, alignment, and authorization",Edward Meyman,2026,journalArticle,"The term ""AI governance"" has become semantically overloaded. / The goal is to provide enterprise buyers, regulators, researchers, and auditors a shared vocabulary for evaluating AI governance claims against the requirements / AI governance, deterministic governance, proof-carrying decisions, regulatory compliance, enterprise AI, authorization layer, GRC, AI accountability, algorithmic",discard,10,out-of-scope,Not related.
39,LKCDAMLF,"Legal, policy, and compliance issues in using AI for security: using taiwan's cybersecurity management act and penetration testing as examples",Wang,2024,conferencePaper,"As artificial intelligence (AI) technology advances rapidly, integrating AI into cybersecurity practices poses new challenges for professionals. This paper focuses on the legal and policy implications of employing AI tools in penetration testing (PT). Key issues explored include liability in cases where AI tools cause damage and legal compliance challenges for organizations mandated to conduct PT. This paper argues that in the case of Taiwan, a comprehensive consideration of relevant laws, such as the Code of Civil Procedure, will be needed as AI products and tools become more widespread. The other issue concerns defining qualified PT, using Taiwan's Cybersecurity Management Act as an example. This paper concludes that, in addition to proper AI governance, governments should consider the legal frameworks necessary for the practical application of AI products or systems and develop appropriate AI safety testing methods to offer reference guidelines for public agencies to introduce risk-controllable AI tools, thus preparing for the transition into the AI era. © 2024 NATO CCDCOE.",discard,20,wrong-level,Not related.
40,JKLSQ57B,No skin in the game: why agentic AI requires principal-agent governance,Martin Prause,2026,journalArticle,"The deployment of Agentic AI creates governance challenges that existing frameworks cannot adequately address. / The training pipeline of large language model-based Agentic AI produces these asymmetries: The pretraining process optimizes prediction over truth. / Agentic AI, AI Agents, AI Governance, LLM vulnerability, Principal-Agent Theory",discard,20,quality-threshold-not-met,LLM focus.
41,XXRRYDKZ,"AI will replace functions, not persons: a function-level framework for AI integration in knowledge work",Javier Rayon Encinas,2026,journalArticle,"Developer, and Financial Analyst—and provide technology-agnostic architectural principles for deploying function specific AI agents with appropriate human / oversight. / Artificial Intelligence, Future of Work, Human-AI Collaboration, Task Automation, Knowledge Work, Organizational Design",context,40,,May cover human oversight in other domains.
42,D5RXSP2P,AutoDev: automated AI-driven development,Tufano; Agarwal; Jang et al.,2024,preprint,"The landscape of software development has witnessed a paradigm shift with the advent of AI-powered assistants, exemplified by GitHub Copilot. However, existing solutions are not leveraging all the potential capabilities available in an IDE such as building, testing, executing code, git operations, etc. Therefore, they are constrained by their limited capabilities, primarily focusing on suggesting code snippets and file manipulation within a chat-based interface. To fill this gap, we present AutoDev, a fully automated AI-driven software development framework, designed for autonomous planning and execution of intricate software engineering tasks. AutoDev enables users to define complex software engineering objectives, which are assigned to AutoDev's autonomous AI Agents to achieve. These AI agents can perform diverse operations on a codebase, including file editing, retrieval, build processes, execution, testing, and git operations. They also have access to files, compiler output, build and testing logs, static analysis tools, and more. This enables the AI Agents to execute tasks in a fully automated manner with a comprehensive understanding of the contextual information required. Furthermore, AutoDev establishes a secure development environment by confining all operations within Docker containers. This framework incorporates guardrails to ensure user privacy and file security, allowing users to define specific permitted or restricted commands and operations within AutoDev. In our evaluation, we tested AutoDev on the HumanEval dataset, obtaining promising results with 91.5% and 87.8% of Pass@1 for code generation and test generation respectively, demonstrating its effectiveness in automating software engineering tasks while maintaining a secure and user-controlled development environment.",context,60,,Covers agentic system with adversarial agents.
43,2NRJ4FXR,One developer is all you need: a case study of an AI-augmented one-person squad in a brownfield enterprise,Boas; Pinto; Monteiro et al.,2026,preprint,"AI tools are enabling engineers to absorb roles previously distributed across cross-functional squads, yet there is little structured evidence on how to design or evaluate such a one-person squad in a regulated enterprise setting. Without that evidence, organizations adopting this model lack guidance on which design decisions make it viable and which conditions cause it to break down. We report a case study in which a single staff engineer, supported by four AI agents under a Spec-Driven Development workflow, delivered a brownfield product initiative scoped for a four-person squad in half the planned time, with 90\% acceptance of AI-generated code on first review, full integration test pass rates, and an above-85\% reduction in direct staffing cost. The results indicate that AI does not replace team members it multiplies the throughput of the experienced engineer who remains, making specification quality and institutional knowledge, not model capability, the binding constraints on one-person squad success.",context,40,,productivity study
44,N8HSZ7BC,Licoeval: evaluating LLMs on license compliance in code generation,W. Xu; K. Gao; H. He et al.,2025,conferencePaper,"Recent advances in Large Language Models (LLMs) have revolutionized code generation, leading to widespread adoption of AI coding tools by developers. However, LLMs can generate license-protected code without providing the necessary license information, leading to potential intellectual property violations during software production. This paper addresses the critical, yet underexplored, issue of license compliance in LLM-generated code by establishing a benchmark to evaluate the ability of LLMs to provide accurate license information for their generated code. To establish this benchmark, we conduct an empirical study to identify a reasonable standard for “striking similarity” that excludes the possibility of independent creation, indicating a copy relationship between the LLM output and certain opensource code. Based on this standard, we propose LiCoEval, to evaluate the license compliance capabilities of LLMs, i.e., the ability to provide accurate license or copyright information when they generate code with striking similarity to already existing copyrighted code. Using LiCoEval, we evaluate 14 popular LLMs, finding that even top-performing LLMs produce a non-negligible proportion (0.88 % to 2.01 %) of code strikingly similar to existing open-source implementations. Notably, most LLMs fail to provide accurate license information, particularly for code under copyleft licenses. These findings underscore the urgent need to enhance LLM compliance capabilities in code generation tasks. Our study provides a foundation for future research and development to improve license compliance in AIassisted software development, contributing to both the protection of open-source software copyrights and the mitigation of legal risks for LLM users.",context,60,,Potential scanner to include in pipeline. Doesn't address huamn oversight.
45,CI93QRUH,HiLDE: intentional code generation via human-in-the-loop decoding,E. A. González; R. Rothkopf; S. Lerner et al.,2025,conferencePaper,"While AI programming tools hold the promise of increasing programmers’ capabilities and productivity to a remarkable degree, they often exclude users from essential decisionmaking processes, causing many to effectively “turn off their brains” and over-rely on solutions provided by these systems. These behaviors can have severe consequences in critical domains, like software security. We propose Human-in-the-Loop Decoding, a novel interaction technique that allows users to observe and directly influence LLM decisions during code generation, in order to align the model’s output with their personal requirements. We implement this technique in HiLDE, a code completion assistant that highlights critical decisions made by the LLM and provides local alternatives for the user to explore. In a within-subjects study ($\mathrm{N}=18$) on security-related tasks, we found that HiLDE led participants to generate significantly fewer vulnerabilities and better align code generation with their goals compared to a traditional code completion assistant.",core,80,,A means for highlighting what humans should look at.
46,5IZXVQS6,Biased AI improves human decision-making but reduces trust,Lai; Kim; Kunievsky et al.,2025,preprint,"Current AI systems minimize risk by enforcing ideological neutrality, yet this may introduce automation bias by suppressing cognitive engagement in human decision-making. We conducted randomized trials with 2,500 participants to test whether culturally biased AI enhances human decision-making. Participants interacted with politically diverse GPT-4o variants on information evaluation tasks. Partisan AI assistants enhanced human performance, increased engagement, and reduced evaluative bias compared to non-biased counterparts, with amplified benefits when participants encountered opposing views. These gains carried a trust penalty: participants underappreciated biased AI and overcredited neutral systems. Exposing participants to two AIs whose biases flanked human perspectives closed the perception-performance gap. These findings complicate conventional wisdom about AI neutrality, suggesting that strategic integration of diverse cultural biases may foster improved and resilient human decision-making.",discard,20,out-of-scope,Focused on bias of LLMs
47,QYT8RRWL,Methods and techniques of agentic software engineering: a systematic literature review,N. Otoum; N. Elkhalili,2026,journalArticle,"The development of agentic software engineering (ASE) is shifting the software development process, specifically by adopting autonomous agents into the fundamental software development process, where autonomous agents using large language models (LLMs) and artificial intelligence (AI) make decisions, write code, and collaborate across the entire software development lifecycle. The systematic review is a summary of literature on the agentic software engineering methodologies, frameworks, and techniques published in 2022-2025. We identify and compare methods based on autonomous coding, multi-agent systems, iterative refinement, and human-agent collaboration, drawing on 61 high-quality studies. We find that LLM-based agents show substantial potential in automated software engineering and that recent work is exploring new trends in agent cooperation, reasoning systems, and tool integration. We recognize such key challenges as the coordination procedures, reliability, explainability, and the ethical issues. This review characterizes the emerging role of agentic software engineering in improving the productivity of developers, the quality of their code, and the automation of their processes, and it offers a structured roadmap for future research. With the rapid evolution of the field, agentic approaches will tend to transform the conception, creation, and maintenance of software and provide more autonomous, adaptive, and intelligent systems.",core,80,,"Agentic coding, including human collab.Oversight should fit in."
48,SVPFXI3P,From replication to redesign: exploring pairwise comparisons for LLM-based peer review,Zhang; Zhang; Ji et al.,2025,preprint,"The advent of large language models (LLMs) offers unprecedented opportunities to reimagine peer review beyond the constraints of traditional workflows. Despite these opportunities, prior efforts have largely focused on replicating traditional review workflows with LLMs serving as direct substitutes for human reviewers, while limited attention has been given to exploring new paradigms that fundamentally rethink how LLMs can participate in the academic review process. In this paper, we introduce and explore a novel mechanism that employs LLM agents to perform pairwise comparisons among manuscripts instead of individual scoring. By aggregating outcomes from substantial pairwise evaluations, this approach enables a more accurate and robust measure of relative manuscript quality. Our experiments demonstrate that this comparative approach significantly outperforms traditional rating-based methods in identifying high-impact papers. However, our analysis also reveals emergent biases in the selection process, notably a reduced novelty in research topics and an increased institutional imbalance. These findings highlight both the transformative potential of rethinking peer review with LLMs and critical challenges that future systems must address to ensure equity and diversity.",context,40,,Unrelated.
49,X7S3ELFB,Decision-agent fit in business intelligence: a governance-first framework for agentic AI,Rupesh Ghosh,2026,journalArticle,"Findings Human-in-the-loop and rule-based agents enhance governance and reliability; conversational agents improve speed and user acceptance; autonomous / Practical implications The DAF framework enables BI leaders to balance automation benefits with governance and cost objectives through risk-based agent / Business intelligence, Decision intelligence, Agentic AI, Decision-agent fit (DAF), Governance, Decision support systems",discard,10,out-of-scope,Unrelated.
50,462N6DT8,Developers’ dilemma: opportunities and pitfalls of generative AI for software development,Zacharias; Popova; Zahn et al.,2026,journalArticle,"Generative artificial intelligence (GenAI) has attracted worldwide attention across numerous domains, with particularly strong implications for software development. Effective integration of GenAI requires a thorough understanding of both its opportunities and pitfalls for software developers and the organizations they are embedded in. In this study, 30 expert interviews were conducted to examine the sociotechnical impact of GenAI from the perspective of software development practitioners. The findings show that GenAI can enhance individual and organizational productivity and stimulate creative problem-solving. At the same time, concerns emerge around over-reliance, skill degradation, and homogenization among developers. Moreover, with GenAI rapidly providing valuable information, communication between developers may decline, potentially undermining interpersonal relationships and team cohesion. These insights contribute to information systems theory by examining GenAI’s effects on social capital, machine-induced reflections, and developers’ professional identity, while also offering practical implications for the effective and sustainable adoption of GenAI in software development. © The Author(s) 2026.",context,50,,Not directly related ot human oversight