item_key,decision,confidence,rationale,title,abstract,year,authors,item_type,human_decision
CABVGH32,discard,high,Military lethal decision-making HITL framework applying Just War Theory is a non-transferable domain-specific loop with no structural parallel to software code review.,Artificial intelligence in military decision-making,"Applying an ethical framework grounded in human-in-the-loop principles and Just War Theory, this paper identifies key failure modes such as automation / depends on clearly defined constraints that preserve meaningful human control over lethal decision making.",2026,Aditya Bhatia,journalArticle,discard
XEQ2XMEE,discard,medium,Empirical study of PII leakage and membership inference risks in LLM fine-tuning with synthetic data is operationalizable but domain (ML privacy research) does not address software engineering governance or AI code oversight.,Generated data with fake privacy: hidden dangers of fine-tuning large language models on generated data,"Large language models (LLMs) have demonstrated significant success in various domain-specific tasks, with their performance often improving substantially after fine-tuning. However, fine-tuning with real-world data introduces privacy risks. To mitigate these risks, developers increasingly rely on synthetic data generation as an alternative to using real data, as data generated by traditional models is believed to be different from real-world data. However, with the advanced capabilities of LLMs, the distinction between real data and data generated by these models has become nearly indistinguishable. This convergence introduces similar privacy risks for generated data to those associated with real data. In this paper, we present an empirical analysis of this underexplored issue by investigating a key question: ""Does fine-tuning with LLM-generated data enhance privacy, or does it pose additional privacy risks?"" Our study investigates this question by examining the structural characteristics of data generated by LLMs, focusing on two primary fine-tuning approaches: supervised fine-tuning (SFT) with unstructured (plain-text) generated data and self-instruct tuning. In the scenario of SFT, the data is put into a particular instruction tuning format used by previous studies. We use Personal Information Identifier (PII) leakage and Membership Inference Attacks (MIAs) on the Pythia Model Suite and Open Pre-trained Transformer (OPT) to measure privacy risks. Notably, after fine-tuning with unstructured generated data, the rate of successful PII extractions for Pythia increased by over 20%, highlighting the potential privacy implications of such approaches. Furthermore, the ROC-AUC score of MIAs for Pythia-6.9b, the second biggest model of the suite, increases over 40% after self-instruct tuning. Our results indicate the potential privacy risks associated with fine-tuning LLMs using generated data, underscoring the need for careful consideration of privacy safeguards in such approaches.",2025,Akkus; Aghdam; Li; Chu; Backes,conferencePaper,discard
JRI3CPPZ,discard,high,Analyzes AI trends and their employment law implications for the Israeli labor market — labor policy domain without software engineering code governance angle,"Artificial intelligence in Israel, trends, developments, and implications for employment and labor policy","systems, and their degree of autonomy. / oversight, and fairness in AI-mediated workplace processes. / AI, Employmnent, LAbor, Israel, Artificial Intelligence (AI), Employment Law, Labor Market Transformation, Workforce Management, Algorithmic Decision-Making",2026,Shlomit Yanisky-Ravid,journalArticle,discard
UZULVLNJ,discard,high,Civil rights expansion for digital discrimination and poverty paper; discrimination law domain with no software or code governance angle.,Expanding civil rights to combat digital discrimination on the basis of poverty,"updating analog-era civil rights laws for our datafied society, as well as to bolster civil rights within comprehensive data privacy protections and algorithmic / accountability standards. / poverty, discrimination, data privacy, algorithmic accountability, civil rights, artificial intelligence",2022,Michele E. Gilman,journalArticle,discard
6SZKCNPQ,discard,medium,"EU law analysis of generative AI spanning liability, privacy, IP, and cybersecurity; primarily a legal compliance overview without operationalizable mechanisms for software engineering governance.","Generative AI in EU law: liability, privacy, intellectual property, and cybersecurity","The complexity and emergent autonomy of Generative AI systems introduce challenges in predictability and legal compliance. / privacy, intellectual property, and cybersecurity. / Generative AI, EU Law, AI Act, Large Language Models, Liability, Privacy, Intellectual Property, Cybersecurity",2024,Claudio Novelli; Federico Casolari; Philipp Hacker; Giorgio Spedicato; Luciano Floridi,journalArticle,discard
M9RPA7DW,discard,high,Health AI interoperability and cognitive silo analysis — healthcare domain specific with no code governance angle.,The new interoperability crisis: from data silos to cognitive silos in health AI,"We align these proposals with existing governance scaffolds (NIST AI RMF 1.0; emerging regulatory transparency requirements) to reduce adoption friction / While we reference US-specific frameworks (ONC HTI-1, NIST AI RMF), the underlying patterns are jurisdiction-agnostic and adaptable to EU and other national",2026,Aayush Sisodia,journalArticle,discard
MPYEG962,discard,high,General management framework combining ISO/process mining/blockchain — no SE code governance or AI-generated code angle,"Rebuilding the foundations of management in the AI era: a proposal for the ""quartet model"" through a symphony of ISO, process mining, IMS, and blockchain","Framework as an ""AI- readable API,"" (2) Process Mining as an ""X-ray machine for business reality,"" (3) the Integrated Management System (IMS) as an ""enterprise-wide / Integrated Management System (IMS), Process Mining, Blockchain, ISO 9001, AI Governance, AI Agent",2025,Atsushi Funaishi,journalArticle,discard
TLIS94WL,discard,high,Domain-specific analysis of AI chatbots in banking compliance and customer service — no software engineering governance or code oversight angle,How do ChatGPT/chatbot transform the banking industry? Prospects and challenges,"This study embarks on a comprehensive exploration of the adoption and application of artificial intelligence (AI)-based chat technologies, such as ChatGPT / The findings reveal that AI chatbots, particularly in the banking sector, have significant potential in diverse areas such as compliance and risk management",2025,Abu Bakkar Siddik,journalArticle,discard
NZ36ZISH,discard,medium,"Generic organizational decision-making framework for forecasting and data analysis; code review has specific characteristics (deterministic verification, test suites) requiring substantial re-derivation rather than direct adoption.",Human-AI collaboration models in organizational decision-making,"The integration of artificial intelligence (AI) into organizational decision-making has transformed how businesses analyze data, forecast trends, and allocate / This study contributes to organizational theory by providing a framework for deploying AI in decision-making while maintaining human oversight and accountability",2026,Basit Owolabi,journalArticle,discard
J57IU6QE,discard,high,Clinical AI decision support framework for spine care — domain-specific HITL in healthcare with no software code governance angle.,Toward a clinically integrated AI framework for personalized spine care,"Results:To explore the feasibility of integrating patient-reported outcome measures (PROMs) with AI-assisted imaging assessment for personalized / Conclusions:The proposed framework outlines a clear pathway toward a comprehensive, multimodal AI decision-support ecosystem for spine care. / Spine AI, AI framework, human-in-the-loop, explainable AI, clinical decision support, FUTURE-AI, AI in healthcare",2025,Alemu Sisay Nigru; Sergio Benini; Yao Wang; Federico Maffezzoni; Matteo Bonetti,journalArticle,discard
VTMPWGYD,discard,high,Transitional justice documentation with HITL critique — non-software domain with no transferable governance mechanism for software engineering organizations,Input on new technologies and transitional justice,"New digital and AI-enabled tools are already shaping documentation, truth-seeking and accountability in transitional justice processes. / ""Human-in-the-loop"" safeguards, on their own, do not reliably prevent harmful errors, because human decision-makers tend to anchor on initial AI suggestions",2026,Nyida Gyal,journalArticle,discard
J63SX49Q,discard,high,"RefactorGPT is a multi-agent code refactoring productivity tool — no oversight, risk measurement, or governance mechanism for AI-generated code.",RefactorGPT: a ChatGPT-based multi-agent framework for automated code refactoring,"The rise of large language models has redefined what is computationally possible in code generation, yet their potential in systematic software refactoring remains largely untapped. This article introduces RefactorGPT, a ChatGPT-augmented sequential multi-agent framework that transforms refactoring from a monolithic, opaque process into a modular, explainable, and scalable workflow. The system orchestrates four specialized agents, Analyzer, Refactor, Refine, and Fixer, to sequentially analyse source code, apply structural refactoring, enhance code quality, and recover from potential generation errors. Unlike conventional rule-based tools or one-shot large language model (LLM) prompts, RefactorGPT leverages ChatGPT iteratively across clearly defined responsibilities, enabling controlled refactoring with functional guarantees. To evaluate the framework’s effectiveness, we constructed a curated dataset encompassing nine classical refactoring techniques across three complexity levels. RefactorGPT demonstrated consistent improvements in code modularity, readability, and structural decomposition, while maintaining computational efficiency. Notably, the system achieved full execution correctness through autonomous error recovery, showcasing robustness in practical scenarios. This study contributes a reusable blueprint for LLM-integrated refactoring systems and presents a novel application of ChatGPT not merely as a code generator, but as a cooperative agent in intelligent software refactoring. The findings reveal a path forward for embedding language models into real-world developer workflows, not as assistants, but as collaborators in code evolution. © 2025 Karabiyik. Distributed under Creative Commons CC-BY 4.0.",2025,Karabiyik,journalArticle,discard
UIMCRY49,discard,high,Clinical anesthesia AI governance framework; domain-specific clinical context is non-transferable to software engineering without substantial re-derivation,A boundary-first framework for generative AI in anesthesia,"This Perspective proposes a boundary-first framework for deploying generative AI in anesthesia, organized around four principles. / Language Models, Anesthesiology, Patient Safety, Clinical Governance, Automation Bias, Clinical Decision Support, Retrieval-Augmented Generation, AI Liability",2026,Niranjan Seshadri; Janardhan Baliga,journalArticle,discard
2I8BT6EZ,discard,high,"Addresses child labor in AI data labeling supply chains under international law — labor rights governance with no connection to code generation, software engineering, or code oversight.",The ignored AI factory: child trauma labor and the enforcement gap in international law,"Liability, Transnational Tort, Convention on the Rights of the Child (CRC), International Labour Organization (ILO), State Responsibility, AI Governance, Algorithmic / Accountability, Digital Labor, Vicarious Trauma, Convention Against Torture (CAT), Worst Forms of Child Labor, AI Supply Chains, Data Labeling, Content",2026,Brigette Supernova,journalArticle,discard
N4XRB32F,discard,high,Legal framework argument for replacing Section 230 to govern generative AI outputs focuses on platform liability with no code-specific dimension or SE governance mechanism.,From publisher to creator: why generative AI requires a new legal framework beyond section 230,"However, generative AI systems do not merely host or transmit user content-they actively produce original outputs. / This paper argues that Section 230 is fundamentally ill-suited to govern generative AI. / Section 230, Artificial Intelligence, Generative AI, Platform Liability, Internet Law, Technology Law, Administrative Law, Health Law, AI Regulation",2026,Suzanne Shah,journalArticle,discard
CNHFYJ53,discard,high,AI copyright legal history paper focused on doctrine adaptation from 1960s to present with no software engineering or code governance angle,The future was then: the recurrent history of AI authorship,registered in the 1960s to today's generative AI controversies. / the legal profession's conceptual failure to adapt copyright doctrine to technological reality.,2025,Zvi S. Rosen,journalArticle,discard
BP4QAI5B,discard,high,User sentiment analysis of ChatGPT reviews is descriptive with no governance or oversight mechanism.,Voices of the crowd: exploring user evaluations of ChatGPT using structural topic modeling.,,2026,Ding; Yang; Zhao; Sun; Wang,journalArticle,discard
2RRCAJKR,discard,medium,"Vibe coding paper focused on design homogenization and aesthetic diversity in web design rather than code quality, security, or organizational oversight of AI-generated code.",Interrogating design homogenization in web vibe coding,"Generative AI is known for its tendency to homogenize, often reproducing dominant style conventions found in training data. However, it remains unclear how these homogenizing effects extend to complex structural tasks like web design. As lay creators increasingly turn to LLMs to 'vibe-code' websites -- prompting for aesthetic and functional goals rather than writing code -- they may inadvertently narrow the diversity of their designs, and limit creative expression throughout the internet. In this paper, we interrogate the possibility of design homogenization in web vibe coding. We first characterize the vibe coding lifecycle, pinpointing stages where homogenization risks may arise. We then conduct a sociotechnical risk analysis unpacking the potential harms of web vibe coding and their interaction with design homogenization. We identify that the push for frictionless generation can exacerbate homogenization and its harms. Finally, we propose a mitigation framework centered on the idea of productive friction. Through case studies at the micro, meso, and macro levels, we show how centering productive friction can empower creators to challenge default outputs and preserve diverse expression in AI-mediated web design.",2026,Shin; Gao; Pang; Lee; Reinecke,preprint,discard
SBDG9GED,discard,high,AI adoption trust study in accounting uses UTAUT to model user acceptance rather than providing an operationalizable oversight mechanism for software engineering teams.,"A study on ethical implications, trust, and audit reliability in AI assisted accounting: an extended UTAUT perspective in emerging economies","This paper examines how ethical perception and trust shape the adoption and reliability of artificial intelligence systems in accounting and auditing, / Practical implications: For practitioners and audit firms, embedding ethical design principles, algorithmic transparency, and human oversight in AI systems / Artificial Intelligence in Accounting, Ethical Perception, Trust in AI, Audit Reliability, Technology Adoption (UTAUT Model)",2025,Vineeta Mishra,journalArticle,discard
F329YFS6,discard,high,Capability inflation framework for AI integration in education addresses human capital preservation — education domain with no software engineering connection.,Capability inflation in AI-integrated education: a framework for human capital preservation under accelerating automation,"While AI adoption promises efficiency and innovation, unstructured integration may generate a structural risk: potential divergence between observable / The objective is not to restrict technological adoption, but to ensure that AI integration strengthens independent cognition, preserves credential signalling / Capability Inflation, Artificial Intelligence in Education, Human Capital, Credential Signaling, Automation Economics, AI Governance, Graduate Employability",2026,Iftikhar Mahmud Abdul Majid,journalArticle,discard
IQCNSPY6,keep,high,"Directly operationalizable: proposes LLM-assisted STPA hazard analysis for ML-powered software products with human oversight at critical steps, reducing expert dependency and making proactive risk identification accessible to developers.",From hazard identification to controller design: proactive and LLM-supported safety engineering for ML-powered systems,"Machine learning (ML) components are increasingly integrated into software products, yet their complexity and inherent uncertainty often lead to unintended and hazardous consequences, both for individuals and society at large. Despite these risks, practitioners seldom adopt proactive approaches to anticipate and mitigate hazards before they occur. Traditional safety engineering approaches, such as Failure Mode and Effects Analysis (FMEA) and System Theoretic Process Analysis (STPA), offer systematic frameworks for early risk identification but are rarely adopted. This position paper advocates for integrating hazard analysis into the development of any ML-powered software product and calls for greater support to make this process accessible to developers. By using large language models (LLMs) to partially automate a modified STPA process with human oversight at critical steps, we expect to address two key challenges: the heavy dependency on highly experienced safety engineering experts, and the time-consuming, labor-intensive nature of traditional hazard analysis, which often impedes its integration into real-world development workflows. We illustrate our approach with a running example, demonstrating that many seemingly unanticipated issues can, in fact, be anticipated.",2025,Hong; Timperley; Kastner; IEEE COMPUTER SOC,conferencePaper,discard
NPW47DN2,keep,high,Enterprise multi-agent frontend code generation framework with explicit HITL governance points and empirical security and code-review quality benchmarks directly operationalizes AI code oversight at scale.,"Beyond prototyping: autonomous, enterprise-grade frontend development from pixel to production via a specialized multi-agent framework","We present AI4UI, a framework of autonomous front-end development agents purpose-built to meet the rigorous requirements of enterprise-grade application delivery. Unlike general-purpose code assistants designed for rapid prototyping, AI4UI focuses on production readiness delivering secure, scalable, compliant, and maintainable UI code integrated seamlessly into enterprise workflows. AI4UI operates with targeted human-in-the-loop involvement: at the design stage, developers embed a Gen-AI-friendly grammar into Figma prototypes to encode requirements for precise interpretation; and at the post processing stage, domain experts refine outputs for nuanced design adjustments, domain-specific optimizations, and compliance needs. Between these stages, AI4UI runs fully autonomously, converting designs into engineering-ready UI code. Technical contributions include a Figma grammar for autonomous interpretation, domain-aware knowledge graphs, a secure abstract/package code integration strategy, expertise driven architecture templates, and a change-oriented workflow coordinated by specialized agent roles. In large-scale benchmarks against industry baselines and leading competitor systems, AI4UI achieved 97.24% platform compatibility, 87.10% compilation success, 86.98% security compliance, 78.00% feature implementation success, 73.50% code-review quality, and 73.36% UI/UX consistency. In blind preference studies with 200 expert evaluators, AI4UI emerged as one of the leaders demonstrating strong competitive standing among leading solutions. Operating asynchronously, AI4UI generates thousands of validated UI screens in weeks rather than months, compressing delivery timeline",2025,Ganesaraja; N; AP; Rathinasamy; Amancharla,preprint,keep
9NNWHDGX,keep,high,"Structured co-development workspace with bounded AI contributions, full provenance tracking across a plan/design/monitor/review cycle directly operationalizes human oversight of AI-generated code.",BONSAI: a mixed-initiative workspace for human-AI Co-development of visual analytics applications,"Developing Visual Analytics (VA) applications requires integrating complex machine learning models with expressive interactive interfaces. Developers face a stark trade-off: building tightly-coupled monoliths plagued by fragile interdependencies, or relying on restrictive, simplistic frameworks. Meanwhile, unconstrained, single-shot AI code generation promises speed but yields unstructured, unauditable chaos. The core challenge is combining the control and expressiveness of custom development with the efficiency of AI generation under strict constraints. To address this, we introduce BONSAI, a mixed-initiative workspace for the multi-agent co-development of VA applications. BONSAI utilizes a modular four-layer architecture (hardware, services, orchestration, application) that allows human and AI developers to independently contribute reusable components. The workspace incorporates this architecture into a structured four-phase development process (plan, design, monitor, and review), ensuring distributed agency and full provenance, where all human and AI contributions are structurally bounded and tracked. We evaluate BONSAI through case studies demonstrating the efficient creation of novel tools and the rapid reconstruction of complex VA applications directly from research paper descriptions. Ultimately, this paper contributes a conceptual workflow, a scalable architecture, and an integrated system that successfully balances AI's generative speed with the structural rigor required for complex VA development.",2026,Spinner; Miller; Sperrle-Roth; El-Assady,preprint,keep
PSNKQLI7,keep,high,"Trains a semantic patch model on 28,000 real CVE patches to learn and apply automated repairs for memory bugs, crypto misuse, and authorization bypasses in LLM-generated code — directly operationalizable vulnerability repair mechanism.",Semantic patch learning for vulnerability repair in LLM-generated code authors,"Using 28,000 real vulnerability patches, the model learns transformations for memory bugs, crypto misuse, and authorization bypasses. / This work demonstrates that semantic patch abstraction is a powerful mechanism for improving LLM code security. / semantic patching, automated repair, CVE mining, vulnerability patterns, LLM code correction",2026,Elina Korhonen; Jukka Lehtola; Mikael Saarinen,journalArticle,keep
FXX4A9CW,keep,high,"Qualitative study with 22 BPM practitioners produces concrete governance recommendations for AI agent deployments including human-agent collaboration, fallback mechanisms, and performance metrics applicable to software engineering organizations.",Agentic business process management: practitioner perspectives on agent governance in business processes,"With the rise of generative AI, industry interest in software agents is growing. Given the stochastic nature of generative AI-based agents, their effective and safe deployment in organizations requires robust governance, which can be facilitated by agentic business process management. However, given the nascence of this new-generation agent notion, it is not clear what BPM practitioners consider to be an agent, and what benefits, risks and governance challenges they associate with agent deployments. To investigate how organizations can effectively govern AI agents, we conducted a qualitative study involving semi-structured interviews with 22 BPM practitioners from diverse industries. They anticipate that agents will enhance efficiency, improve data quality, ensure better compliance, and boost scalability through automation, while also cautioning against risks such as bias, over-reliance, cybersecurity threats, job displacement, and ambiguous decision-making. To address these challenges, the study presents six key recommendations for the responsible adoption of AI agents: define clear business goals, set legal and ethical guardrails, establish human-agent collaboration, customize agent behavior, manage risks, and ensure safe integration with fallback options. Additionally, the paper outlines actions to align traditional BPM with agentic AI, including balancing human and agent roles, redefining human involvement, adapting process structures, and introducing performance metrics. These insights provide a practical foundation for integrating AI agents into business processes while preserving oversight, flexibility, and trust.",2025,Vu; Klievtsova; Leopold; Rinderle-Ma; Kampik,preprint,keep
DJHG9BBS,keep,high,LLM-based code review agent trained on repositories and evaluated for defect detection effectiveness and developer sentiment — directly operationalizable Tier 1 contribution to AI-assisted code review at scale,AI-powered code review with LLMs: early results,"In this paper, we present a novel approach to improving software quality and efficiency through a Large Language Model (LLM)-based model designed to review code and identify potential issues. Our proposed LLM-based AI agent model is trained on large code repositories. This training includes code reviews, bug reports, and documentation of best practices. It aims to detect code smells, identify potential bugs, provide suggestions for improvement, and optimize the code. Unlike traditional static code analysis tools, our LLM-based AI agent has the ability to predict future potential risks in the code. This supports a dual goal of improving code quality and enhancing developer education by encouraging a deeper understanding of best practices and efficient coding techniques. Furthermore, we explore the model's effectiveness in suggesting improvements that significantly reduce post-release bugs and enhance code review processes, as evidenced by an analysis of developer sentiment toward LLM feedback. For future work, we aim to assess the accuracy and efficiency of LLM-generated documentation updates in comparison to manual methods. This will involve an empirical study focusing on manually conducted code reviews to identify code smells and bugs, alongside an evaluation of best practice documentation, augmented by insights from developer discussions and code reviews. Our goal is to not only refine the accuracy of our LLM-based tool but also to underscore its potential in streamlining the software development lifecycle through proactive code improvement and education.",2024,Rasheed; Sami; Waseem; Kemell; Wang,preprint,keep
32EX53DG,keep,high,Introduces a reproducible benchmark and few-shot methodology for systematically quantifying vulnerability classes in LLM-generated code — directly operationalizable for org-level AI code risk scoring,CodeLMSec benchmark: systematically evaluating and finding security vulnerabilities in black-box code language models,"Large language models (LLMs) for automatic code generation have recently achieved breakthroughs in several programming tasks. Their advances in competition-level programming problems have made them an essential pillar of AI-assisted pair programming, and tools such as GitHub Copilot have emerged as part of the daily programming workflow used by millions of developers. Training data for these models is usually collected from the Internet (e.g., from open-source repositories) and is likely to contain faults and security vulnerabilities. This unsanitized training data can cause the language models to learn these vulnerabilities and propagate them during the code generation procedure. While these models have been extensively evaluated for their ability to produce functionally correct programs, there remains a lack of comprehensive investigations and benchmarks addressing the security aspects of these models.In this work, we propose a method to systematically study the security issues of code language models to assess their susceptibility to generating vulnerable code. To this end, we introduce the first approach to automatically find generated code that contains vulnerabilities in black-box code generation models. This involves proposing a novel few-shot prompting approach. We evaluate the effectiveness of our approach by examining code language models in generating high-risk security weaknesses. Furthermore, we use our method to create a collection of diverse non-secure prompts for various vulnerability scenarios. This dataset serves as a benchmark to evaluate and compare the security weaknesses of code language models.",2024,H. Hajipour; K. Hassler; T. Holz; L. Schönherr; M. Fritz,conferencePaper,keep
GA6WDM8B,keep,high,"Empirical experiments demonstrate AI code generation requires substantial human validation and produces failing tests, directly operationalizable as evidence for mandatory code review policies",AI-assisted coding: experiments with GPT-4,"Artificial intelligence (AI) tools based on large language models have acheived human-level performance on some computer programming tasks. We report several experiments using GPT-4 to generate computer code. These experiments demonstrate that AI code generation using the current generation of tools, while powerful, requires substantial human validation to ensure accurate performance. We also demonstrate that GPT-4 refactoring of existing code can significantly improve that code along several established metrics for code quality, and we show that GPT-4 can generate tests with substantial coverage, but that many of the tests fail when applied to the associated code. These findings suggest that while AI coding tools are very powerful, they still require humans in the loop to ensure validity and accuracy of the results.",2023,Poldrack; Lu; Beguš,preprint,keep
8X5X263U,keep,high,"Identifies Shadow AI threat categories including unauthorized tools, model poisoning, and data leakage with organizational risk framing — directly operationalizable for software org policies governing unsanctioned AI coding tools","Shadow AI: cyber security implications, opportunities and challenges in the unseen frontier","The progression of artificial intelligence (AI) technologies has reached a level that greatly enhances the different organizational sectors by facilitating them with the means to advance and improve systems and processes. Shadow AI implies the usage of AI tools and systems by individuals within an entity, respectively, without permission thereby implying that these tools were not directly monitored or controlled by the centralized IT or security department. It also contributes to significant cyber risks such as data and security breaches, abuse of compliance, and, in general, an increased threat landscape. This paper highlights into the emerging global security trends and Shadow AI while also covering the unique positioning within the threat landscape concerning unauthorized computation of sensitive data, safety vulnerabilities of the unmonitored AI models, and model poisoning alongside data leakage-marked out. Moreover, this paper covers how Shadow AI distracts the attack landscape while increasing the level of security problem for the organization. Shadow AI, however, can be employed to increase the ability to respond to threats, locate irregularities, and increase the range of options available for cyber solutions even with all its risks. © The Author(s) 2025.",2025,Puthal; Mishra; Mohanty; Longo; Yeun,journalArticle,maybe
KWD6CKFR,keep,medium,"Proposes authorization-boundary governance architecture for agentic AI executing software infrastructure side effects (databases, transactions, infrastructure) — operationalizable structural framework for governing code agents beyond reactive monitoring.",From monitoring to authorization: the structural shift emerging in agentic AI governance,"systems transition from generating content to executing real-world side effects—writing to databases, initiating transactions, modifying infrastructure—the governance / It argues that traditional compliance mechanisms—deterrence, accountability, escalation, and documentation—are structurally mismatched to autonomous systems / Agentic AI, AI governance, authorization boundary, enforcement architecture, AI regulation, regulatory compliance, algorithmic accountability, AI risk / management, deterministic governance, evidence-grade governance, independent verification, policy-state binding",2026,Edward Meyman,journalArticle,keep
MHK56HCY,keep,medium,Proposes evidence-first design principles for continuous second-line assurance using agentic AI as oversight infrastructure; structural parallel to continuous governance of AI-generated code,Agentic AI as assurance infrastructure: design principles for a continuous second line,"The first paper in this series established that episodic gateway review is constitutively mismatched to the risk dynamics of complex adaptive / systems, and that continuous assurance represents structural reform of oversight practice rather than a marginal efficiency gain. / agentic AI, multi-agent systems, governance primitive, continuous assurance, second line of defence, evidence-first design, human accountability, responsible / AI, design principles, AI governance",2026,Roni van der Fehr,journalArticle,keep
TTEUEB9V,keep,high,NIST AI 600-1 is a foundational governance profile for generative AI directly applicable to software engineering organizations managing AI-generated code.,NIST AI 600-1: Generative Artificial Intelligence Profile,,2024,National Institute of Standards and Technology,report,keep
FYS3UNC6,keep,high,Deskilling mechanism where AI efficiency erodes experiential/contextual knowledge transfers directly to code review oversight risk; identifies how human review capability degrades as AI handles more reviews,The deskilling dilemma: tacit knowledge erosion in AI-augmented banking supervision,"The rapid integration of artificial intelligence and automation into banking supervision, risk management, and internal audit creates a fundamental epistemological / paradox: while AI systems enhance efficiency and analytical breadth, they simultaneously erode the tacit knowledgethe experiential, intuitive, and contextual / tacit knowledge, banking supervision, SupTech, deskilling, supervisory judgment, phronesis, artificial intelligence, SREP, human-in-the-loop",2026,Shahriyar Ahmadov,journalArticle,keep
732VDKJD,keep,high,"Defines vibe coding and identifies operationally relevant risks (black-box codebases, responsibility gaps, ecosystem bias) that directly inform what governance mechanisms must address in software organizations.","Vibe coding as a reconfiguration of intent mediation in software development: definition, implications, and research agenda","Software development is undergoing a fundamental transformation as vibe coding becomes widespread, with large portions of contemporary codebases now being generated by Artificial Intelligence (AI). The disconnect between rapid adoption and limited conceptual understanding highlights the need for an inquiry into this emerging paradigm. Drawing on an intent perspective and historical analysis, we define vibe coding as a software development paradigm where humans and Generative AI (GenAI) engage in collaborative flow to co-create software artifacts through natural language dialogue, shifting the mediation of developer intent from deterministic instruction to probabilistic inference. By intent mediation, we refer to the fundamental process through which developers translate their conceptual goals into representations that computational systems can execute. Our results show that vibe coding redistributes epistemic labor between humans and machines, shifting expertise from technical implementation toward collaborative orchestration. We identify key opportunities, including democratization, acceleration, and systemic leverage, alongside risks such as black-box codebases, responsibility gaps, and ecosystem bias. We conclude with a research agenda spanning human-, technology-, and organization-centered directions to guide future investigations of this paradigm.",2025,Meske; Hermanns; von der Weiden; Loser; Berger,journalArticle,keep
LGZXFLSJ,keep,high,"Empirical multi-case study producing a causal risk map for GenAI use in software organizations, directly operationalizable for risk identification and management",Causal mapping of the risks of using generative ai in software development,"This indicates that software organizations can never be certain whether AI-generated code is sufficiently validated. / Risk Management, Software Development, Generative AI, Causal Mapping, Multi-case Study",2025,David Kinnberg Hein; John Persson; Victor Vadmand Jensen; Anders Rysholt Bruun; Martin Gilje Jaatun,journalArticle,keep
S8GHSDJM,keep,high,"Directly proposes a formal verification side-car for vibe coding that autoformalizes specifications, validates against targets, and delivers actionable feedback — operationalizable mechanism addressing technical debt, security, and code churn in AI-generated code.",Position: vibe coding needs vibe reasoning: improving vibe coding with formal verification,"""Vibe coding"" - the practice of developing software through iteratively conversing with a large language model (LLM) has exploded in popularity within the last year. However, developers report key limitations including the accumulation of technical debt, security issues, and code churn to achieve satisfactory results. We argue that these pitfalls result from LLMs' inability to reconcile accumulating human-imposed constraints during vibe coding, with developers inadvertently failing to resolve contradictions because LLMs prioritize user commands over code consistency. Given LLMs' receptiveness to verification-based feedback, we argue that formal methods can mitigate these pitfalls, making vibe coding more reliable. However, we posit that integrating formal methods must transcend existing approaches that combine formal methods and LLMs. We advocate for a side-car system throughout the vibe coding process which: (1) Autoformalizes specifications (2) Validates against targets, (3) Delivers actionable feedback to the LLM, and (4) Allows intuitive developer influence on specifications.",2025,Mitchell; Shaaban; LeGoues; Mechtaev; Shi,conferencePaper,keep
2TTGSYDS,keep,high,"Establishes AI standards (human oversight, accuracy, robustness, cybersecurity) as legal duty-of-care benchmark against which developers and AI operators are judged; directly informs what SE teams must operationalize",Reasonable ai and other creatures. What role for ai standards in liability litigation?,"Standards play a vital role in supporting policies and legislation of the European Union. The regulation of artificial intelligence (AI) makes no exception as made clear by the AI Act proposal. Particularly, Articles 40 and 41 defer to harmonised standards and common specifications the concrete definition of safety and trustworthiness requirements, including risk management, data quality, transparency, human oversight, accuracy, robustness, and cybersecurity. Besides, other types of standards and professional norms are also relevant to the governance of AI. These include European non-harmonised standards, international and national standards, professional codes and guidelines, and uncodified best practices. This contribution casts light on the relationship between standards and private law in the context of liability litigation for damage caused by AI systems. Despite literature’s commitment to the issue of liability for AI, the role of standardisation in this regard has been largely overlooked hitherto. Furthermore, while much research has been undertaken on the regulation of AI, comparatively little has dealt with its standardisation. This paper aims to fill this gap. Building on previous scholarship, the contribution demonstrates that standards and professional norms are substantially normative in spite of their private and voluntary nature. In fact, they shape private relationships due to normative and economic reasons. Indeed, these private norms enter the courtrooms by explicit or implicit incorporation into contracts as well as by informing general clauses such as reasonableness and duty of care. Therefore, they represent the yardstick against which professionals’ performance and conduct are evaluated. Hence, a link between standards, safety, and liability can be established. Against this backdrop, the role of AI standards in private law is assessed. To set the scene, the article provides a bird’s-eye view of AI standardisation. The European AI standardisation initiative is analysed along with other institutional and non-institutional instruments. Finally, it is argued that AI standards contribute to defining the duty of care expected from developers and professional operators of AI systems. Hence, they might represent a valuable instrument for tackling the challenges posed by AI technology to extracontractual and contractual liability. © 2022, University of Torino. All rights reserved.",2022,Frattone,journalArticle,maybe
5EBI274G,keep,high,Proposes Cognitive Governance Stack with embedded steward agents for runtime oversight of autonomous AI agents — directly operationalizable governance architecture applicable to AI coding pipeline oversight,Intrinsic participatory governance of autonomous agents: runtime oversight and orientation through embedded steward agents,"As AI systems become increasingly autonomous-reformulating subgoals, reprioritizing steps, and expanding task boundaries in pursuit of declared objectives-they / Cognitive Governance Stack, composed of three interacting layers: Governance Artifacts (GAs)-versioned, machine-readable carriers of human intent; the Human-in-the-Loop / Agentic AI, AI Governance, AI compliance, AI Safety, Multi-agent environments",2025,Luciana Ledesma,journalArticle,keep
3TMPC3T8,keep,medium,Comparative empirical evaluation of ChatGPT and Copilot code generation using formal verification (CBMC) provides a reproducible correctness and safety assessment methodology engineering teams could adopt for AI code quality gating.,Comparative analysis of loop-free function evaluation using ChatGPT and copilot with C bounded model checking,"Advanced machine learning models and automated coding helpers have significantly transformed software development and verification techniques in recent years. This paper performs a comparative investigation of two prominent AI-driven code generation tools, ChatGPT and Copilot, with a specific emphasis on their ability to evaluate loop-free functions. By employing C Bounded Model Checking (CBMC) as the verification framework, we use model checking (MC) to systematically compare the accuracy and effectiveness of code produced by both tools. Our approach entails creating function implementations that are free of loops by utilizing established requirements with the assistance of ChatGPT and Copilot. These implementations are then subjected to thorough examination using CBMC to evaluate aspects such as functional correctness, safety, and potential vulnerabilities. Performance measurements encompass coding accuracy, verification time, and error identification. Results reveal notable differences in the performance of ChatGPT and Copilot. While both tools show promise in code generation, distinct strengths and weaknesses emerge in handling complex specifications and ensuring code correctness. This work provides useful insights into coding assistants powered by artificial intelligence and emphasizes the significance of incorporating formal verification methods, such as CBMC, to ensure dependable software development. This comparative analysis adds to the expanding research on AI-assisted programming, offering practical guidance for developers and researchers seeking efficient and dependable code generation tools.",2024,F. Slama; D. Lemire,conferencePaper,keep
XRTVITVP,keep,high,"Proposes and empirically validates (54% alignment improvement) a scalable interactive oversight framework explicitly for vibe coding, directly addressing the human supervision gap in AI-assisted development",Steering LLMs via scalable interactive oversight,"As Large Language Models increasingly automate complex, long-horizon tasks such as \emph{vibe coding}, a supervision gap has emerged. While models excel at execution, users often struggle to guide them effectively due to insufficient domain expertise, the difficulty of articulating precise intent, and the inability to reliably validate complex outputs. It presents a critical challenge in scalable oversight: enabling humans to responsibly steer AI systems on tasks that surpass their own ability to specify or verify. To tackle this, we propose Scalable Interactive Oversight, a framework that decomposes complex intent into a recursive tree of manageable decisions to amplify human supervision. Rather than relying on open-ended prompting, our system elicits low-burden feedback at each node and recursively aggregates these signals into precise global guidance. Validated in web development task, our framework enables non-experts to produce expert-level Product Requirement Documents, achieving a 54\% improvement in alignment. Crucially, we demonstrate that this framework can be optimized via Reinforcement Learning using only online user feedback, offering a practical pathway for maintaining human control as AI scales.",2026,Zhou; Xi; Ma; Zhang; Dou,preprint,keep
6U3XNIWZ,maybe,high,Empirical study (N=243) showing programmer preferences for LLMs do not correlate with actual productivity — directly motivates need for better proxy signals for AI code oversight and quality measurement.,The RealHumanEval: evaluating large language models' abilities to support programmers,"Evaluation of large language models for code has primarily relied on static benchmarks, including HumanEval (Chen et al., 2021), or more recently using human preferences of LLM responses. As LLMs are increasingly used as programmer assistants, we study whether gains on existing benchmarks or more preferred LLM responses translate to programmer productivity when coding with LLMs, including time spent coding. We introduce RealHumanEval, a web interface to measure the ability of LLMs to assist programmers, through either autocomplete or chat support. We conducted a user study (N=243) using RealHumanEval in which users interacted with seven LLMs of varying base model performance. Despite static benchmarks not incorporating humans-in-the-loop, we find that improvements in benchmark performance lead to increased programmer productivity; however gaps in benchmark versus human performance are not proportional -- a trend that holds across both forms of LLM support. In contrast, we find that programmer preferences do not correlate with their actual performance, motivating the need for better proxy signals. We open-source RealHumanEval to enable human-centric evaluation of new models and the study data to facilitate efforts to improve code models.",2024,Mozannar; Chen; Alsobay; Das; Zhao,preprint,maybe
6SJ93GKA,maybe,high,"Provides operationalizable observability framework (logging, cost tracking, prompt transparency) for agentic code generation with benchmarked cost and reliability improvements in production.","Optimizing agentic code generation: cost efficiency, observability and orchestration","Large Language Model (LLM) agents have recently shown promise in automating complex software development workflows, integrating multiple tools and iterative processes. However, existing agentic frameworks often fall short on observability - robust logging, cost and workflow monitoring, and prompt transparency - leading to unpredictable behavior and high operational overhead. In this paper, we introduce a unified, observability-driven multi-agent approach that integrates customizable LLM wrappers, explicit flow control (via LangGraph), and thorough logging into cloud native NoSQL DynamoDB database. Beyond describing a purely engineering-focused solution, we demonstrate via testing results that our observability enhancements yield improvements in reliability, performance, and cost control on standard benchmarks (LeetCode, MBPP, and HumanEval). Our wise model selection leading to $ 0.01 per correct solution generation. We also show that carefully orchestrated role-specialized agents, combined with real-time prompt and cost tracking, can achieve state-of-the-art performance (up to 98% accuracy) on diverse and complex code generation tasks. Our findings emphasize how bridging best-practice engineering with multi-agent AI research can substantially improve the cost, reliability and scalability of LLM-based development pipelines.",11-Aug,A. Kaplunovich,conferencePaper,keep
ZIZEXNWD,maybe,high,Controlled experiment (N=78) quantifies vibe coding epistemic debt and validates an Explanation Gate mechanism enforcing teach-back before AI code integration — directly operationalizable oversight tool for SE AI code governance,"Mitigating ""epistemic debt"" in generative AI-scaffolded novice programming using metacognitive scripts","The democratization of Large Language Models has given rise to vibe coding, where novice programmers prioritize semantic intent over syntactic implementation. Without pedagogical guardrails, we argue this is fundamentally misaligned with cognitive skill acquisition. Drawing on Kirschner's distinction between cognitive offloading and outsourcing, unrestricted AI encourages novices to outsource the intrinsic cognitive load required for schema formation rather than merely offloading extraneous load. This accumulation of epistemic debt creates fragile experts: developers whose high functional utility masks critically low corrective competence. To quantify and mitigate this debt, we conducted a between-subjects experiment (N=78) using a custom Cursor IDE plugin backed by Claude 3.5 Sonnet. Participants were recruited via Prolific and UserInterviews.com to represent AI-native learners. We compared three conditions: manual (control), unrestricted AI (outsourcing), and scaffolded AI (offloading). The scaffolded condition employed a novel Explanation Gate -- a real-time LLM-as-a-Judge framework enforcing a teach-back protocol before generated code could be integrated. Results reveal a collapse of competence: both AI groups significantly outperformed the manual control on functional utility (p < .001) and did not differ from each other (p = .64), yet unrestricted AI users suffered a 77% failure rate on a subsequent 30-minute AI-blackout maintenance task, vs. only 39% in the scaffolded group. Qualitative analysis suggests successful vibe coders naturally self-scaffold, treating AI as a consultant rather than a contractor. We discuss implications for AI-generated software maintainability and propose that future learning systems must enforce metacognitive friction to prevent mass production of unmaintainable code. Replication package: https://github.com/sreecharansankaranarayanan/vibecheck",2026,Sankaranarayanan,preprint,maybe
Y4F6UMNC,maybe,medium,"Proposes a novel evaluation methodology for LLM effectiveness in identifying and correcting code anomalies (bugs, vulnerabilities) applied to OpenAI Codex — operationalizable framework for assessing AI code quality tools, though abstract is vague on reproducibility details.",Research of evaluating the effectiveness of large language models in identifying and correcting code anomalies,"Large language models (LLMs) are powerful tools that can generate code in various programming languages, and assist programmers in writing, debugging, or improving code. However, LLMs can also introduce or overlook code anomalies, such as errors, bugs, vulnerabilities, or deviations from the expected behavior or style of a program, due to their lack of semantic understanding, generalizability, or reliability. In this paper, we investigate the use of anomaly detection techniques to evaluate the effectiveness of LLMs, such as OpenAI Codex, in identifying and correcting code anomalies. We propose a novel methodology for evaluating the effectiveness of LLMs in identifying and correcting code anomalies, using anomaly detection techniques, and we apply it to several LLMs, such as OpenAI Codex. We present and analyze the results of the evaluation, and compare the performance of different LLMs, anomaly detection methods, and evaluation metrics. We also discuss the implications, challenges, and limitations of using LLMs for code quality and security, and suggest some directions for future research. We hope that this paper will inspire and inform researchers, developers, and users of LLMs and code quality and security, and that it will stimulate further research and innovation in this field.",2024,T. Chen,conferencePaper,maybe
S4GS4LD7,maybe,high,Comprehensive validation framework with 15 failure-detection tools and root-cause analysis modules for LLM-based agentic systems — directly operationalizable quality assurance mechanism for software engineering teams deploying production AI agents.,AgentFixer: from failure detection to fix recommendations in agentic systems,"We introduce a comprehensive validation framework for LLM-based agentic systems that provides systematic diagnosis and improvement of reliability failures. The framework includes fifteen failure-detection tools and two root-cause analysis modules that jointly uncover weaknesses across input handling, prompt design, and output generation. It integrates lightweight rule-based checks with LLM-as-a-judge assessments to support structured incident detection, classification, and repair. We applied the framework to IBM CUGA, evaluating its performance on the AppWorld and WebArena benchmarks. The analysis revealed recurrent planner misalignments, schema violations, brittle prompt dependencies, and more. Based on these insights, we refined both prompting and coding strategies, maintaining CUGA’s benchmark results while enabling mid-sized models such as Llama 4 and Mistral Medium to achieve notable accuracy gains, substantially narrowing the gap with frontier models. Beyond quantitative validation, we conducted an exploratory study that fed the framework’s diagnostic outputs and agent description into an LLM for self-reflection and prioritization. This interactive analysis produced actionable insights on recurring failure patterns and focus areas for improvement, demonstrating how validation itself can evolve into an agentic, dialogue-driven process. These results show a path toward scalable, quality assurance, and adaptive validation in production agentic systems, offering a foundation for more robust, interpretable, and self-improving agentic architectures.",May ,Mulian; Zeltyn; Levy; Galanti; Yaeli,conferencePaper,maybe
Z76WEF74,maybe,medium,"ANN-ISM framework with 5-level maturity model empirically identifies 15 software coding risk categories and 158 AI-driven mitigation practices, directly operationalizable for SE organizations managing cybersecurity across coding maturity stages.",AI-driven cybersecurity framework for software development based on the ANN-ISM paradigm,"With the increasing reliance on software applications, cybersecurity threats have become a critical concern for developers and organizations. The answer to this vulnerability is AI systems, which help us adapt a little better, as traditional measures in security have failed to respond to the upcoming threats. This paper presents an innovative cybersecurity framework using AI, by the Artificial Neural Network (ANN)—Interpretive Structural Modeling (ISM) model, to improve threat detection, vulnerability assessment, and risk response during software development. This framework helps realize dynamic, intelligent security as a part of the Software Development life cycle (SDLC). Initially, existing cybersecurity risks in software coding are systematically evaluated to identify potential gaps and integrate best practices into the proposed model. In the second phase, an empirical survey was conducted to identify and validate the findings of the systematic literature review (SLR). In the third phase, a hybrid approach is employed, integrating ANN for real-time threat detection and risk assessment. It utilizes ISM to analyze the relationships between cybersecurity risks and vulnerabilities, creating a structured framework for understanding interdependencies. A case study was conducted in the last stage to test and evaluate the AI-driven cybersecurity Mitigation Model for Secure Software Coding. A multi-level categorization system is also used to assess maturity across five key levels: Ad hoc, Planned, Standardized, Metrics-Driven, and Continuous Improvements. This study identifies 15 cybersecurity risks and vulnerabilities in software coding, along with 158 AI-driven best practices for mitigating these risks. It also identifies critical areas of insecure coding practices and develops a scalable model to address cybersecurity risks across different maturity levels. The results show that AI outperforms traditional systems in detecting security weaknesses and simultaneously fixing problems. During Levels 1–3 of the system improvement process, advanced security methods are used to protect against threats. Our analysis reveals that organizations at Levels 4 and 5 still need to entirely shift to using AI-based protection tools and techniques. The proposed system provides developers and managers with valuable insights, enabling them to select security enhancements tailored to their organization's development stages. It supports automated threat analysis, helping organizations stay vigilant against potential cybersecurity threats. The study introduces a novel ANN-ISM framework integrating AI tools with cybersecurity modeling formalisms. By merging AI systems with secure software coding principles, this research enhances the connection between AI-generated insights and real-world cybersecurity usage. © The Author(s) 2025.",2025,Khan; Khan; Alwageed; Almagrabi; Ayouni,journalArticle,
7PA6MQ84,maybe,medium,HITL governance workflow with staged auditable checkpoints for LLM-assisted SQL code migration — operationalizable pipeline architecture for governing AI-generated code with controlled human review gates,A generative AI framework for semi-automated oracle SQL to BigQuery SQL code migration using LLM driven DAGs and iterative refinement,"Translating Oracle PL/SQL into BigQuery SQL (BQ-SQL) is a persistent obstacle in data-platform migration. We present a semi-automated, human-in-the-loop workflow that orchestrates large language models (LLMs) through a sequence of parameterized Directed Acyclic Graphs (DAGs) on Google Cloud Composer. The pipeline comprises five stages: (i) semantic description of PL/SQL, (ii) package parsing into dependency-aware CTEs, (iii) core translation to BQ-SQL, (iv) discrepancy detection, and (v) targeted refinement. Each stage emits an artifact to cloud storage that users may review or edit before triggering the next stage, providing auditable check-points for expert control. In our implementation, analysis tasks (description and diffs) run in few-shot mode with Gemini 1.5 Pro or Gemini 2.5 Pro, while code-emission stages (CTE generation, conversion, refinement) use Gemini 1.0 Pro (supervised fine-tuning); Gemini 1.5 Flash (SFT) is an alternative when lower latency is preferred. Evaluation on quarterly batches (N=100) with execution-free metrics shows consistent gains across three refinement loops (t = 0...3); most units satisfy a practical stop rule (no High discrepancies; DSB ≥ 0.70, MCov ≥ 0.75, EDA ≤ 0.12, CQI-3 ≥ 0.80). The framework operates as an assistive tool rather than a push-button translator, making large-scale PL/SQL-to-BQ-SQL migration more predictable under typical enterprise constraints.  © 2025 IEEE.",2025,Tayde; Mishra; Agarwal,conferencePaper,maybe
7Z7TRTVA,maybe,medium,"Two large empirical studies (N=648 combined) quantifying automation bias mechanisms including task complexity, competence, and reliability moderators in corporate AI settings — psychological mechanisms directly transfer to developer over-reliance on AI code review despite the social robot context","See No evil, hear No evil: how users overrely on robots with automation bias","Recent developments in generative artificial intelligence show how quickly users carelessly adhere to intelligent systems, ignoring systems' vulnerabilities and focusing on their superior capabilities. This is detrimental when system failures are ignored. This paper investigates this mindless overreliance on systems, defined as automation bias (AB), in human-robot interaction. We conducted two experimental studies (N1 = 210, N2 = 438) with social robots in a corporate setting to investigate psychological mechanisms and influencing factors of AB. Particularly, users experience perceptual and behavioral AB with the robot that is enhanced by robot competence depending on task complexity and is even stronger for emotional than analytical tasks. Surprisingly, robot reliability negatively affected AB. We also found a negative indirect-only mediation of AB on robot satisfaction. Finally, we provide implications for the appropriate use of robots to prevent employees from using them as a self-sufficient system instead of a supporting system. © 2023 International Conference on Information Systems, ICIS 2023: ""Rising like a Phoenix: Emerging from the Pandemic and Reshaping Hu. All Rights Reserved.",2023,Stock-Homburg; Nguyen,conferencePaper,maybe
2NRBEMVD,maybe,high,"Research roadmap for human-in-the-loop fuzz testing with specific mechanisms (human monitoring, steering, LLM collaboration) directly applicable to software security testing governance",Human in the loop for fuzz testing: literature review and the road ahead,"Fuzz testing is one of the most effective techniques for detecting bugs and vulnerabilities in software. However, as the basis of fuzz testing, automated heuristics often fail to uncover deep or complex vulnerabilities. As a result, the performance of fuzz testing remains limited. One promising way to address this limitation is to integrate human expert guidance into the paradigm of fuzz testing. Even though some works have been proposed in this direction, there is still a lack of a systematic research roadmap for combining Human-in-the-Loop (HITL) and fuzz testing, hindering the potential for further enhancing fuzzing effectiveness. To bridge this gap, this paper outlines a forward-looking research roadmap for HITL for fuzz testing. Specifically, we highlight the promise of visualization techniques for interpretable fuzzing processes, as well as on-the-fly interventions that enable experts to guide fuzzing toward hard-to-reach program behaviors. Moreover, the rise of Large Language Models (LLMs) introduces new opportunities and challenges, raising questions about how humans can efficiently provide actionable knowledge, how expert meta-knowledge can be leveraged, and what roles humans should play in the intelligent fuzzing loop with LLMs. To address these questions, we survey existing work on HITL fuzz testing and propose a research agenda emphasizing future opportunities in (1) human monitoring, (2) human steering, and (3) human-LLM collaboration. We call for a paradigm shift toward interactive, human-guided fuzzing systems that integrate expert insight with AI-powered automation in the next-generation fuzzing ecosystem.",2026,Yu; Wen; Cheng; Xie; Hu,preprint,maybe
YKLEPERJ,maybe,high,Empirical study of 567 agentic coding PRs showing 83.8% acceptance and quantifying human revision needs by task type — directly operationalizable for calibrating oversight of AI-generated code at scale.,On the use of agentic coding: an empirical study of pull requests on GitHub,"Large language models (LLMs) are increasingly being integrated into software development processes. The ability to generate code and submit pull requests with minimal human intervention, through the use of autonomous AI agents, is poised to become a standard practice. However, little is known about the practical usefulness of these pull requests and the extent to which their contributions are accepted in real-world projects.In this paper, we empirically study 567 GitHub pull requests (PRs) generated using Claude Code, an agentic coding tool, across 157 diverse open-source projects. Our analysis reveals that developers tend to rely on agents for tasks such as refactoring, documentation, and testing. The results indicate that 83.8% of these agent-assisted PRs are eventually accepted and merged by project maintainers, with 54.9% of the merged PRs being integrated without further modification. The remaining 45.1% require additional changes and benefit from human revisions, especially for bug fixes, documentation, and adherence to project-specific standards. These findings suggest that while agent-assisted PRs are largely acceptable, they still benefit from human oversight and refinement.",Marc,Watanabe; Li; Kashiwa; Reid; Iida,journalArticle,maybe
BRRHUZV7,maybe,high,"Empirical benchmarking of five LLMs on code refactoring across 30 Java projects with unit test and code smell metrics identifies where human oversight outperforms LLMs, directly operationalizable for AI-assisted code quality governance.",An empirical study on the code refactoring capability of large language models,"Large Language Models (LLMs) aim to generate and understand human-like text by leveraging deep learning and natural language processing techniques. In software development, LLMs can enhance the coding experience through coding automation, reducing development time and improving code quality. Code refactoring is a technique used to enhance the internal quality of the code base without altering its external functionalities. Leveraging LLMs for code refactoring can help developers improve code quality with minimal effort. This paper presents an empirical study evaluating the quality of refactored code produced by StarCoder2, GPT-4o-mini, GPT-4o, LLaMA 3, and DeepSeek-v3. Specifically, we (1) evaluate whether the code refactored by the LLMs can improve code quality, (2) understand the differences between the types of refactoring applied by the different LLMs and compare their effectiveness, and (3) evaluate whether the quality of the refactored code generated by the LLM can be improved through one-shot prompting and chain-of-thought prompting. We analyze the refactoring capabilities of LLMs on 30 open-source Java projects. We evaluate StarCoder2, LLaMA 3, GPT-4o-mini, GPT-4o, and DeepSeek-v3 on their ability to improve static code quality metrics, pass unit tests, and reduce code smells. Our findings reveal that production-grade models such as GPT-4o and DeepSeek-v3 achieve pass@5 unit test success rates above 90% on multi-file refactorings. LLaMA 3 achieves the highest overall code smell reduction with a median reduction of 15.1%, while DeepSeek-v3 and GPT-4o achieve the greatest improvements in cohesion, coupling, and complexity. StarCoder2 demonstrates strengths in modularity improvements and systematic refactorings. Developers outperform LLMs in complex, context-sensitive refactorings such as attribute encapsulation. We also show that prompt engineering significantly affects LLM performance: chain-of-thought prompting improves StarCoder2's test pass rate by 1.7% and increases code smell reduction compared to zero-shot prompting. One-shot prompting also expands the variety of refactorings LLMs can perform. These results suggest that LLMs are effective for many refactoring tasks, especially when guided with tailored prompts, but benefit from integration with human expertise for architectural or semantically complex changes. By providing insights into the capabilities and best practices for integrating LLMs into the software development process, our study aims to enhance the effectiveness and efficiency of code refactoring in real-world applications.",Marc,Cordeiro; Noei; Zou,journalArticle,
PQX7QNCB,maybe,high,Empirical benchmark quantifies LLM agent failures in microservice code generation (best Pass@1 = 23.67%) with deficiency analysis of architectural coherence and cross-file consistency — reproducible quality metrics directly operationalizable for AI code governance.,RepoGenesis: benchmarking end-to-end microservice generation from readme to repository,"Large language models and agents have achieved remarkable progress in code generation. However, existing benchmarks focus on isolated function/class-level generation (e.g., ClassEval) or modifications to existing codebases (e.g., SWE-Bench), neglecting complete microservice repository generation that reflects real-world 0-to-1 development workflows. To bridge this gap, we introduce RepoGenesis, the first multilingual benchmark for repository-level end-to-end web microservice generation, comprising 106 repositories (60 Python, 46 Java) across 18 domains and 11 frameworks, with 1,258 API endpoints and 2,335 test cases verified through a ""review-rebuttal"" quality assurance process. We evaluate open-source agents (e.g., DeepCode) and commercial IDEs (e.g., Cursor) using Pass@1, API Coverage (AC), and Deployment Success Rate (DSR). Results reveal that despite high AC (up to 73.91%) and DSR (up to 100%), the best-performing system achieves only 23.67% Pass@1 on Python and 21.45% on Java, exposing deficiencies in architectural coherence, dependency management, and cross-file consistency. Notably, GenesisAgent-8B, fine-tuned on RepoGenesis (train), achieves performance comparable to GPT-5 mini, demonstrating the quality of RepoGenesis for advancing microservice generation. We release our benchmark at https://github.com/pzy2000/RepoGenesis.",2026,Peng; Yin; Zhao; Yang; Wang,preprint,maybe
6VTG8NX7,maybe,medium,"Enterprise Anchors operating model explicitly addresses LLMOps, guardrail engineering, and HITL mechanisms for the agentic era — framework components directly applicable to software engineering organizations deploying AI coding agents.",Enterprise anchors: the augmented intelligence operating model a framework and reference architecture for the agentic era,"The transition from predictive Machine Learning to Generative AI and Agentic Systems represents a fundamental rupture in the history of enterprise software / Enterprise Anchors™ is an Augmented Intelligence Operating Model designed to bridge this ""Probability Gap."" / Enterprise Anchors™ is an Augmented Intelligence Operating Model designed to bridge this ""Probability Gap."" / Augmented Intelligence, Agentic AI, Anchored AI Agents, AI Governance, LLMOps, Guardrail Engineering, Zero Trust, Context-Based Mesh, Human-in-the-Loop / , Responsible AI, AI Risk Management",2026,Venkata Rajgopal Tadinada,journalArticle,maybe
NNXYGMWF,maybe,medium,Multi-agent adversarial framework with counterfactual verification for AI code generation provides operationalizable cognitive bias detection mechanism achieving measurable quality improvements on standard benchmarks,Mitigating cognitive vulnerabilities in code generation via multi-agent adversarial debate,"Although Large Language Models (LLMs) have demonstrated significant proficiency in code generation, their monolithic and correlation-driven nature renders them susceptible to systematic cognitive biases, deficient counterfactual reasoning, and adversarial manipulation—a characteristic we term cognitive vulnerability. Such vulnerabilities compromise the reliability and security of AI-assisted software development, potentially resulting in code that is not only functionally incorrect but also biased, insecure, and difficult to validate using conventional testing paradigms. While recent multi-agent systems enhance workflow efficiency via task decomposition, they do not fundamentally address these reasoning deficits. This highlights the need for a framework capable of proactively identifying and mitigating the cognitive flaws of an LLM during the reasoning process. To address this challenge, we introduce CodeForge, a multi-agent adversarial reasoning framework that reframes code generation as a cognitive crucible. This process involves a structured debate among three specialized agents—an Optimist, a Pragmatist, and an Adversarial Skeptic—who iteratively cross-examine and refine solution plans. Following convergence, an adversarial verification module systematically generates counterfactual perturbations to stress-test and enhance the final plan. Comprehensive evaluations on the HumanEval and MBPP benchmarks demonstrate that CodeForge significantly outperforms state-of-the-art methods, achieving a pass@1 of 97.3% with GPT-4. Ablation studies confirm the necessity of both the adversarial dialogue and counterfactual verification components. This work represents a shift from passive debugging to proactive cognitive hardening, establishing a pathway toward more trustworthy automated software engineering.",Apri,Liu; Guo; Liu; Liu,conferencePaper,maybe
E2CG6J2D,maybe,medium,Human review capacity allocation framework for AI-augmented enforcement where review capacity is a binding constraint transfers structurally to code review triage when AI-generated volume exceeds human throughput.,Adaptive enforcement with AI-augmented monitoring,"Moreover, congestion becomes particularly salient when AI-flagged violations require human review and regulatory review capacity is binding. / Enforcement effectiveness therefore depends not only on expanding detection, but also on allocating scarce human review resources efficiently.",2026,Ginger Zhe Jin; D. Daniel Sokol; Liad Wagman,journalArticle,keep
PD2YN98L,maybe,medium,Controlled experiment quantifies automation bias when accepting AI vs. human security recommendations by expertise level — operationalizes trust calibration signal for AI-assisted security decisions.,Algorithm perception when using threat intelligence in vulnerability risk assessment,"Recent government and commercial initiatives have pushed for the use of the automated, artificial intelligence (AI)–based, analysis of cyber threat intelligence. The potential bias that might be present when evaluating threat intelligence coming from human and AI sources has to be better understood before deploying automated solutions to production. We present a controlled experiment with (Formula presented.) master students who had a mix of experience in security and machine learning to measure the bias introduced by the source of intelligence (human vs. AI). Each participant analyzed eight threat intelligence reports from the Dutch National Cyber Security Center where the source of the final recommendation was manipulated as for coming from a human expert or an AI algorithm. Our findings revealed that participants tended to disagree with the recommendation when it was coming from AI. While expertise on ML did not have any impact, we found that participants with more security expertise tended to agree with the recommendation. In contrast, we found that the perceives bias was statistically equivalent (TOST) whether the recommendation was coming from a human or from an AI. The only (expected) factor which had an impact on perceived bias was when participants disagreed with the recommendation (irrespective whether it was human or AI). These results provide insight on the possible impact of introduction on AI on rank-and-file Tier 1 SOC analysts. The generalization of our results to professional practice requires more experiments with experienced security professionals. © 2026 The Author(s). Risk Analysis published by Wiley Periodicals LLC on behalf of Society for Risk Analysis.",2026,van Gerwen; Papotti; Tuma; Massacci,journalArticle,discard
6WUJUVEI,maybe,high,Empirical study of 567 agentic coding PRs showing 83.8% acceptance and quantifying human revision needs by task type — directly operationalizable for calibrating oversight of AI-generated code at scale.,On the use of agentic coding: an empirical study of pull requests on GitHub,"Large language models (LLMs) are increasingly being integrated into software development processes. The ability to generate code and submit pull requests with minimal human intervention, through the use of autonomous AI agents, is poised to become a standard practice. However, little is known about the practical usefulness of these pull requests and the extent to which their contributions are accepted in real-world projects.In this paper, we empirically study 567 GitHub pull requests (PRs) generated using Claude Code, an agentic coding tool, across 157 diverse open-source projects. Our analysis reveals that developers tend to rely on agents for tasks such as refactoring, documentation, and testing. The results indicate that 83.8% of these agent-assisted PRs are eventually accepted and merged by project maintainers, with 54.9% of the merged PRs being integrated without further modification. The remaining 45.1% require additional changes and benefit from human revisions, especially for bug fixes, documentation, and adherence to project-specific standards. These findings suggest that while agent-assisted PRs are largely acceptable, they still benefit from human oversight and refinement.",Marc,Watanabe; Li; Kashiwa; Reid; Iida,journalArticle,maybe
RBKE3GQE,maybe,medium,Proposes a dual-validation framework with human-in-the-loop assessment for LLM-generated software models across quality dimensions — directly applicable to AI code artifact quality assurance workflows.,Class model generation from requirements using large language models,"The emergence of Large Language Models (LLMs) has opened new opportunities to automate software engineering activities that traditionally require substantial manual effort. Among these, class diagram generation represents a critical yet resource-intensive phase in software design. This paper investigates the capabilities of state-of-the-art LLMs, including GPT-5, Claude Sonnet 4.0, Gemini 2.5 Flash Thinking, and Llama-3.1-8B-Instruct, to generate UML class diagrams from natural language requirements automatically. To evaluate the effectiveness and reliability of LLM-based model generation, we propose a comprehensive dual-validation framework that integrates an LLM-as-a-Judge methodology with human-in-the-loop assessment. Using eight heterogeneous datasets, we apply chain-of-thought prompting to extract domain entities, attributes, and associations, generating corresponding PlantUML representations. The resulting models are evaluated across five quality dimensions: completeness, correctness, conformance to standards, comprehensibility, and terminological alignment. Two independent LLM judges (Grok and Mistral) perform structured pairwise comparisons, and their judgments are further validated against expert evaluations. Our results demonstrate that LLMs can generate structurally coherent and semantically meaningful UML diagrams, achieving substantial alignment with human evaluators. The consistency observed between LLM-based and human-based assessments highlights the potential of LLMs not only as modeling assistants but also as reliable evaluators in automated requirements engineering workflows, offering practical insights into the capabilities and limitations of LLM-driven UML class diagram automation.",2026,Nguyen; Koe; Wang; Arora; Ferrari,preprint,discard
UD5ENVQN,maybe,medium,"Directly addresses vibe coding as a risk and proposes a code-first workflow framework as an operationalizable alternative, keeping humans in control of agentic workflow structure.","Don't vibe code, do skele-code: interactive No-code notebooks for subject matter experts to build lower-cost agentic workflows","Skele-Code is a natural-language and graph-based interface for building workflows with AI agents, designed especially for less or non-technical users. It supports incremental, interactive notebook-style development, and each step is converted to code with a required set of functions and behavior to enable incremental building of workflows. Agents are invoked only for code generation and error recovery, not orchestration or task execution. This agent-supported, but code-first approach to workflows, along with the context-engineering used in Skele-Code, can help reduce token costs compared to the multi-agent system approach to executing workflows. Skele-Code produces modular, easily extensible, and shareable workflows. The generated workflows can also be used as skills by agents, or as steps in other workflows.",2026,Gopalakrishnan,preprint,discard
ZKPDVADF,maybe,medium,"Open-source developer command center with AI-readiness scoring algorithm, historical review intelligence pipeline, and agent observability layer provides directly actionable tooling for governing AI-augmented code review workflows",Workstream: a local-first developer command center for the AI-augmented engineering workflow,"Modern software engineers operate across 5-10 disconnected tools daily: GitHub, GitLab, Jira, Slack, calendar applications, CI dashboards, AI coding assistants, and container platforms. This fragmentation creates cognitive overhead that interrupts deep work and delays response to critical engineering signals. We present Workstream, an open-source, local-first developer command center that aggregates pull requests, task management, calendar, AI-powered code review, historical review intelligence, repository AI-readiness scoring, and agent observability into a single interface. We describe the system architecture, a novel 5-category AI readiness scoring algorithm, a review intelligence pipeline that mines historical PR reviews for team-specific patterns, and an agent observability layer implementing the Model Context Protocol (MCP), Agent-to-Agent (A2A), and Agent Observability Protocol (AOP). Through a case study of applying the tool to its own development, we demonstrate measurable improvements in AI-readiness scores (48 to 98 on our internal scanner; 41.6 to 73.7 on the independent agentready CLI). Workstream is released as open source under the Apache 2.0 license at https://github.com/happybhati/workstream.",2026,Bhati,preprint,maybe