item_key,decision,confidence,rationale
68K56AUX,keep,medium,Tiered risk classification (Critical/High-Risk/Standard/Experimental) for agentic AI provides actionable deployment governance framework directly applicable to AI coding agent pipelines; the tier mechanism transfers without re-derivation
248UPC7K,discard,medium,Target domain is research data generation (not code); the multi-metric validation concept is too generic and the gold-standard human review framing doesn't provide operationalizable mechanisms beyond 'have humans check it'
5SLHWAUC,discard,medium,Supply chain ERP observability framework requires substantial domain re-derivation to apply to code review; NIST AI RMF citation alone doesn't make the integration monitoring patterns transferable to SE governance
CUQ7TTY4,keep,medium,Derives functional minimum requirements for governance grounded in genealogical transparency; moral crumple zone concept directly addresses who absorbs accountability when AI code fails — operationalizable accountability allocation framework
JIG9NY55,keep,high,"Generation-verification-repair closed loop with quantified results (100% syntactic, 78% functional correctness) is a transferable verification architecture for LLM code generation; domain is PLC but the loop mechanism generalizes"
TF2C996H,keep,medium,Confidence-calibrated triage routing (auto-approve high/flag uncertain/discard low) is structurally identical to scalable code review prioritization; the routing mechanism transfers trivially despite image annotation domain
YX4EPM33,discard,medium,Regulatory thresholds for frontier AI operate at policy governance level without engineering-organization operationalization; no mechanism or process an SE team could adopt directly
WHQ4LZQ8,discard,medium,Meta-level harmonization strategies for fragmented standards; provides no operationalizable mechanism for engineering teams — tells orgs standards overlap but not what to do about it in practice
D62FTR38,keep,high,"Quantifies automation bias (7% rate) and identifies moderating factors (experience, self-efficacy reduce AI reliance; time pressure increases anchoring); measurement methodology directly applicable to studying developer oversight behavior"
X7S3ELFB,keep,medium,Governance-first framework for selecting agent autonomy level (HITL vs. rule-based vs. autonomous) based on risk directly informs engineering decisions about AI coding assistant deployment; DAF selection criteria transfer
NZTEAVN4,discard,high,No abstract available; cannot assess operationalizability or relevance — insufficient information to justify inclusion in synthesis corpus
3KRMAPK3,discard,high,Keywords-only abstract provides no information about actual contribution; cannot assess whether 'configuration design' offers operationalizable mechanisms or is business strategy rhetoric
524TWMDJ,keep,medium,Empirical finding that experts override correct AI suggestions more than novices directly predicts senior developer behavior in AI-assisted code review; measurement methodology and moderating factors (explanation style effects) transfer
MVKNQPM4,discard,medium,Focus is on economic displacement dynamics and strategic response rather than operational governance mechanisms; verification/oversight framing is context-setting not the actionable contribution
7NAH36ZU,keep,high,Tamper-evident causal logging for AI agent actions provides directly operationalizable audit infrastructure for tracking AI-generated code provenance and decision chains; accountability mechanism transfers directly
H7ZEP6FZ,keep,medium,"Comparative analysis of six frameworks (EU AI Act, NIST AI RMF, ISO/IEC 42001, SOC 2) for compliance-by-design provides actionable mapping for SE orgs navigating multi-standard AI governance requirements"
TL59BYKT,discard,high,Keywords-only litigation data overview provides no operationalizable framework or methodology — descriptive market survey without actionable contribution
36NC2GK8,discard,high,Financial sector MRM framework with banking regulation context requires substantial domain re-derivation; stress testing methodology is finance-specific
N5RK5TBY,keep,medium,Control-theoretic Proactivity Ratio metric for measuring governance capacity is domain-agnostic and transfers to code review pipeline oversight without re-derivation
HIG7TK9E,keep,medium,"HITL UX mechanisms (draft-state management, undo/rollback, explainability) are design patterns that transfer trivially to AI code review interface design"
Q6SVKUCU,keep,medium,Technical liability framework for nondeterministic LLM outputs directly applies to AI-generated code liability without domain translation required
VCQF8J5T,discard,high,Keywords-only abstract provides zero evaluable methodology or contribution; cannot confirm any operationalizable content
HKK5KQXB,keep,medium,DFA-based trust dynamics model evaluated in software engineering domain with quantitative overtrust/distrust detection directly applicable to calibrating developer oversight of AI code
DXIJWSLA,discard,high,Keywords-only abstract prevents assessment of operationalizability; cannot confirm methodology or whether framework is actionable
T5GJ5VZU,keep,medium,"Formal governance function G(A)={C,V,R,M,L} with explicit constraint/validation/risk/monitoring components transfers to AI code agent governance with minimal re-derivation"
4B2BGBL6,discard,high,Thin abstract presents assertion without methodology; cannot confirm operationalizable gap analysis or framework beyond SOC 2 insufficiency claim
NG9SITNU,discard,medium,Sparse abstract cannot confirm whether contribution is operationalizable governance framework versus descriptive security overview
69LKIAPV,discard,medium,Sparse abstract leaves SE applicability unresolved; benchmark appears domain-general cognitive augmentation without SE-specific operationalization
BGV78XUB,discard,medium,Primary focus on cybersecurity defense systems rather than software code governance; governance manipulation attack surface concept doesn't trivially transfer to code review contexts
5DMEXMK5,discard,high,Section 230 analysis focuses on content platform liability and legislative activity; descriptive legal overview without code-specific operationalization
ZH8F3UC8,discard,medium,"Enterprise data architecture focus mentions governance frameworks (DORA, EU AI Act) but does not operationalize them for software/code development contexts"
ML88MC4H,keep,medium,Governance taxonomy distinguishing visibility/alignment/authorization layers provides structured vocabulary applicable to AI code governance decisions without domain re-derivation
UIPQFFDH,keep,high,"Practitioner-derived agent governance recommendations (HITL collaboration, risk management, fallback integration, performance metrics) from empirical study are domain-agnostic and directly applicable to software agent governance"
S9PIS4IB,keep,medium,User study quantifying Dunning-Kruger calibration mismatch in AI-assisted work provides directly transferable behavioral finding for designing AI code oversight to counter overreliance
CJNMEJ9L,discard,medium,Blockchain audit trail mechanism requires substantial infrastructure adaptation for code provenance; general AI trust framework without SE-specific application or trivial transfer path
A8FT9SZP,keep,medium,10-level autonomy framework with organizational readiness mapping across governance/infrastructure dimensions provides maturity assessment tool SE teams can use directly for AI coding tool adoption decisions; transfer is trivial
D9AGX3KW,discard,high,Multi-agent compliance review principles are interesting but the compliance domain (beauty tech biometric data regulations) has no structural parallel to code review; would require substantial re-derivation to apply
9SME5D6V,keep,medium,Control plane architecture with semantic admissibility boundaries and audit infrastructure are software-native architectural concepts; mechanism transfers to governing AI code generation tool outputs without domain re-derivation
7RV3XLMV,discard,medium,Verified execution and authority-gated computation concepts sound relevant but abstract is one sentence fragment with no methodology or operationalizable content visible; keeping would be gambling on invisible content
C5G4HZ2R,discard,high,Abstract contains only keywords with zero methodology or contribution discernible; impossible to assess operationalizability when there is nothing to assess
LLV7KNM2,keep,medium,Executable governance accountability injection framework with AI Act conformity assessment case study provides mechanism for embedding responsibility into automated systems; code-adjacent framing transfers to software governance
MF2DHV5J,keep,medium,"Formal execution vocabulary for auditability, certification, and execution-time accountability addresses structural gap in how software orgs can verify AI-generated code behavior; conceptual but addresses real governance need"
ZEDIB75C,discard,medium,Abstract is too thin to confirm operationalizable methodology; 'unified governance framework' claim without visible substance or IEEE Standards application detail
7VDS6ZAU,discard,high,Enforcement probability modeling addresses regulatory enforcement risk (will regulators act?) not code quality or oversight scaling; mechanism doesn't transfer to software team AI code governance decisions
2TTGSYDS,keep,high,"Establishes AI standards (human oversight, accuracy, robustness, cybersecurity) as legal duty-of-care benchmark against which developers and AI operators are judged; directly informs what SE teams must operationalize"
FEZIUMVJ,discard,high,"One-sentence abstract provides no methodology, scope, or operationalizable content; cannot assess what the governance framework actually contains or how it applies"
ABCYK8WI,discard,medium,Abstract is keywords only with no visible methodology or operationalizable output; 'premature accountability convergence' is phenomenon analysis without actionable framework
YN3JDZQA,keep,medium,Decision event schema for post-incident reconstruction provides audit trail mechanism; 'governance vs compliance evidence' distinction directly applicable to AI code system accountability
PW7MYU5I,keep,medium,"Traffic Light Protocol HITL taxonomy (Human-IN/ON/OUT-of-Loop) provides color-coded oversight mechanism that transfers trivially to code review triage: red=human approval required, amber=human override available, green=auto-merge"
FYS3UNC6,keep,high,Deskilling mechanism where AI efficiency erodes experiential/contextual knowledge transfers directly to code review oversight risk; identifies how human review capability degrades as AI handles more reviews
ISP9P9CX,discard,medium,'Reflects on' and 'practitioner's perspective' framing indicates descriptive commentary without operationalizable methodology; directly on-topic but fails operationalizability test
KDVYPBWW,keep,medium,Comparative analysis measuring AI tool outputs against established architectural principles provides assessment methodology; best practices for AI integration could inform governance processes
MFSG8J76,keep,high,ISO/IEC 42001 is the international AI management system standard; foundational operational governance framework for SE organizations despite empty abstract (standards documents lack traditional abstracts)
DS98KNBC,keep,medium,Epistemic debt framework reframes AI verification gaps as quantifiable structural liability; provides economic argument for governance investment useful in SE org prioritization decisions
LL3MSMUB,keep,medium,Maps EU AI Act to ISO 42001 providing operationalizable compliance framework for AI management systems; software orgs deploying AI coding tools need this regulatory-to-operational translation directly
B5LIQ844,keep,medium,Five-stage lifecycle governance schema (design through feedback) for generative AI is domain-agnostic and transfers to software organizations without re-derivation; critical infrastructure is validation context not constraint
ZFMEWNXZ,keep,medium,Enterprise AI governance framework addressing NIST/EU AI Act gaps is directly applicable to software organizations managing AI coding tools; enterprise context matches SE org adoption needs
3YPJ63ZW,discard,medium,"While measurement dimensions (trust, automation bias, workload) are relevant, the clinical huddle intervention design and domain-specific metrics require substantial re-derivation; findings are descriptive of their context not generalizable detection mechanisms"
SQGWEB56,discard,high,Empty abstract prevents any assessment of operationalizability; sustainability framing in title suggests domain outside software engineering governance
4D4DBZ3R,keep,medium,Tool-call interception mechanism for last-mile oversight of agentic AI systems is directly applicable to governing AI coding agents; the virtue-ethics framing is the philosophical grounding not the technical architecture which is deployable
BBNEFGN9,discard,medium,Despite direct vibe coding topic the abstract emphasizes definition and research agenda rather than operationalizable findings; per tier criteria definitional work without actionable governance output is discard
3LJCSWBK,keep,medium,Third-party risk management framework for AI systems transfers directly to SE organizations evaluating AI coding tool vendors; supply chain accountability mechanisms are domain-agnostic
99MDCADU,keep,high,Authority illusion framework diagnosing how HITL nominally preserves control while deferring actual authority directly addresses rubber-stamp code review failure patterns; authority mapping is operationalizable
TW9IB9DE,keep,medium,"Enterprise AI risk quantification with regulatory mapping (EU AI Act, NIST, ISO) provides measurable risk framework SE organizations can adopt for AI coding tool assessment"
SP7IN769,discard,medium,Abstract too sparse to confirm operationalizable mechanism; keywords mention relevant concepts but inference routing for heterogeneous compute doesn't establish governance contribution
E89ASTEW,keep,medium,DARPA ARCOS-aligned automated software certification with formal verification methodology addresses scalable code quality assurance; aerospace regulations are the validation domain but the logic-based verification pattern transfers
BIWDG2AL,discard,high,Empty abstract prevents assessment; title indicates theoretical thermodynamic analysis of alignment scaling limits with no apparent software engineering application
N9825KAC,keep,high,Reconstructability framework and AI reliance logging for audit trails transfers directly to AI-generated code provenance tracking; the mechanism is output-agnostic and banking/pharma are validation contexts
XC4DI5Y3,discard,medium,Vision paper outlining concepts and open challenges for future work; lacks operationalizable framework despite directly addressing vibe coding risks—the actionable contribution is future research agenda not present findings
LEXRXNNR,discard,medium,Abstract lacks explicit code generation angle and legal copyright analysis doesn't provide adoptable mechanism; generative AI copyright discourse typically centers creative content not code
P9F4Z8ND,keep,medium,Decentralized malicious agent detection with strong empirical validation (near-perfect detection 95% accuracy recovery) directly applicable to securing multi-agent AI coding pipelines; the mechanism is domain-agnostic
HLMH49XE,keep,medium,"Empirical findings on overreliance, role distribution and feedback loops in human-AI hybrid systems transfer to code review oversight design; the identified challenges and recommendations are structurally parallel"
9U8PK4ZP,keep,high,Agency reversal framework with Work System Theory design principles directly addresses core challenge of humans becoming passive reviewers of AI-generated code; the mechanism for counteracting passive execution is the contribution
QIV7DL7L,keep,high,Decision-state isolation architecture preventing automation surprise and preserving decision traceability is an architectural pattern that transfers to code review pipelines without domain re-derivation
986DSDWX,discard,medium,"Paper presents financial AI governance framework with human oversight mechanisms; while risk control and escalation concepts are generic, the financial decision context (credit assessment, fraud monitoring) requires substantial domain re-derivation—the failure modes and oversight triggers don't map to code review without significant translation work."
ASD3EP5G,discard,high,"Research outlook paper identifying oversight loss and epistemic fragility as challenges—correctly identifies problems relevant to agentic coding tools but provides no operationalizable mechanism or framework, only a research agenda."
Q9CDH2YB,discard,high,"Abstract consists only of keywords with no methodology, framework, or findings visible; cannot verify any operationalizable contribution exists."
83ZMMU6H,discard,medium,Multi-domain review identifies unresolved questions about human oversight for ML-enabled changes but does not provide operationalizable solutions—the key contribution is 'this is an open problem deserving further research' rather than a mechanism SE orgs can adopt.
JSWRRJ89,discard,high,Analyzes value-ladenness challenges in AI Act standards-making process; this is meta-level standards policy analysis without actionable guidance for engineering organizations implementing compliance.
HNRMAX7G,discard,high,Highly abstract cybernetic theory with 'fractal governance' and 'cognitive flywheel' constructs; empirical validation is proposed future work (PLS-SEM agenda) not completed research—no operationalizable mechanism an SE org could act on today.
BPL78SWJ,keep,medium,"Deterministic audit architecture emphasizing reproducibility over accuracy for compliance-grade AI auditing presents a transferable principle; while metrics are employment-domain-specific, the reproducibility-first compliance architecture translates directly to AI code quality auditing contexts."
QIDAHDRS,discard,medium,"Primary contribution is benchmark creation for evaluating LLM software development capabilities; while HITL annotation framework exists, it serves benchmark construction rather than providing an ongoing governance or oversight mechanism for SE organizations."
WXBMMVX9,keep,medium,"Trust calibration framework drawing explicitly on human-automation interaction research from high-stakes environments; the underlying psychology of trust calibration, AI adoption resistance, and fiduciary oversight transfers directly to code review contexts without domain-specific re-derivation."
TF38UFMR,discard,medium,Conceptual governance framework describing 'recursive risk' and 'operational instability' for agentic AI; abstract provides no specific mechanism or measurement methodology—remains at theoretical framing level without operationalizable contribution.
K9A8Z32M,keep,medium,"SLR of 238 studies quantifies tight correlations among reproducibility, hallucinations, and interpretability challenges (>=35% co-occurrence), concluding these require coordinated solutions not isolated fixes; governance-aware development roadmap is actionable and directly software-relevant."
6F5S59DR,keep,medium,"Proposes real-time adversarial auditing mechanism and explicitly critiques HITL fallacies; while framed in corporate governance context, the adversarial auditing approach and cognitive fluency oversight standard transfer to engineering team contexts."
JXTFT642,discard,high,EU reproduction right liability analysis using media/streaming case law; legal liability framework without governance mechanism or code-specific applicability—provides legal background but nothing SE orgs can operationalize.
KWTKFL8V,discard,high,EU product liability framework overview for generative AI; legal analysis of liability allocation without governance mechanisms—understanding liability risk is context but paper provides no actionable framework for managing AI code quality.
ZX8V7UJS,keep,high,Empirically quantifies LLM vs human SRE diagnostic accuracy (44-74% vs 80%+) with reproducible chaos engineering methodology; demonstrates measurable human oversight necessity and finding that 'LLMs can be co-pilots but human oversight remains essential' transfers directly to code review.
Z2VYE325,keep,medium,"Proposes concrete mechanisms: intent-gating, capability-scoping, evidence-generation with tamper-evident logs for agentic AI; even if specific DSL is pre-release, the policy-as-code architecture for constraining agentic AI operations provides operationalizable governance concepts."
XIMJ3DHW,discard,high,"Single-sentence abstract provides no information about domain, methodology, or specific mechanism; cannot assess operationalizability or transferability from this level of detail."
W45LQPBM,discard,medium,Motivation-agnostic harm prevention framework for general technology development; abstract does not establish specific connection to AI code governance—framework may be useful but transferability to code review oversight context is not demonstrated.
DYYFCXQD,discard,medium,TDM copyright legal analysis explicitly addressing computer programs; provides legal classification context for AI training on code but no governance mechanism for SE organizations—legal background rather than operational framework.
VKJCRD4X,discard,high,One-sentence abstract provides no evaluable content; position papers typically offer conceptual arguments rather than operationalizable mechanisms; cannot assess whether alignment-through-reasoning-norms yields anything a software team could implement
89YLID37,discard,high,Legal theory critique that AI Act misapplies engineering logic to human rights protection; provides no operational framework for software organizations — it diagnoses a regulatory design flaw rather than offering mechanisms teams can adopt
Y5IZ4RW6,discard,medium,EU AI Act value chain coordination framework addresses provider/deployer risk allocation but abstract establishes no software engineering or DevSecOps connection; transferability would require substantial domain re-derivation from general AI supply chain to code pipelines
H2F9R5RA,keep,medium,Governance diagnostic framework for agentic AI readiness with cognitive surrender and accountability gap mechanisms; agentic coding tools fall within scope and diagnostic frameworks transfer directly — a team could assess its own readiness without domain re-derivation
B4DXPGDG,discard,high,Empty abstract combined with title indicating macro-economic workforce automation audit; no evidence of software engineering governance scope or operationalizable mechanism for code oversight
AVLEUGVB,discard,medium,AI-native organization framework addresses general organizational transformation and human-AI collaboration but frames contribution at enterprise design level rather than code governance; software team adoption would require substantial organizational theory re-derivation
JS8VQXPH,keep,medium,Reports HITL governance achieves 4.3× critical incident reduction across 200 B2B deployments — quantitative oversight evidence is directly operationalizable as a benchmark; software teams can apply HITL adoption patterns even from cross-industry data
ACPKFPNE,keep,high,"Five-step TRUST Model (Triage, Review, Underwrite, Strengthen, Track) provides concrete operational HITL framework; Triage and Review steps directly parallel code review workflows and the banking regulatory mapping demonstrates compliance operationalization"
F72TIGMC,keep,medium,Bounded Agency Limit (BAL) framework for constraining autonomous AI in enterprise automation contexts; constraint mechanism is operationalizable and enterprise automation explicitly includes coding tool scope — translation is minimal
Z955M55A,discard,medium,"Despite discussing automation bias, over-reliance, and centaur systems, the legal education framing indicates pedagogical rather than framework contribution; transferring to code review would require domain re-derivation from legal practice"
3TL98CSA,keep,medium,Investigates enterprise GenAI risks including HITL and manipulation risks with experimental analysis; enterprise LLM risk management is directly relevant to software organizations deploying coding assistants — they are the enterprise context
BQKB8WTD,discard,high,Cybersecurity landscape analysis describes ChatGPT's ecosystem influence but abstract provides no measurement methodology or governance response mechanism; descriptive-only without operationalizable contribution
RYXXXIFJ,discard,medium,Legal access doctrine framework for algorithmic accountability focuses on law-of-access mechanisms; transferability to software team audit requirements would require substantial legal-to-engineering domain re-derivation
5257HHP3,keep,medium,Explores practical T&S and AI auditing intersection with tools for practitioners; AI auditing mechanisms are operationalizable and T&S risk assessment approaches transfer to code review as AI-generated content expands into code
REIRCM24,discard,medium,"Professional liability framework for generative AI in tax practice; while 'who's liable when AI errs' is relevant conceptually, tax professional responsibility context requires substantial domain re-derivation to code liability"
PQ4EJ94L,discard,medium,"Irreversibility threshold for preventive AI governance addresses societal-level systemic risks (labor displacement, model collapse); scale mismatch — software team governance operates at deployment rather than civilization level"
NTJ4X4LE,discard,high,Abstract too thin to establish any code-specific watermarking mechanism; generative AI watermarking for text/image provenance does not trivially transfer to code attribution without substantial re-derivation
NH5MSAQ4,keep,high,Presents automated unit testing validation for AI-generated code and explicitly recommends human-expert collaboration; the validation methodology is directly operationalizable for code quality assurance and HITL recommendation addresses oversight
DQYFMUG9,keep,medium,Principal-agent analytical framework for governing agentic AI addresses exactly the accountability structure needed when AI coding agents act on developer behalf; shadow principal reasoning transfers directly to coding agent oversight without re-derivation
8R9TKC2I,discard,high,No abstract available; cannot assess operationalizability without content and title suggests general AI ethics discussion without actionable mechanism
MDTBNGDC,keep,medium,Federated observability architecture for multi-agent agentic AI systems provides directly applicable monitoring infrastructure for AI coding agents at scale; observability is a prerequisite for governance
9LSVAEIL,keep,medium,Operational architecture integrating EU AI Act/NIST/ISO 42001 with empirical auditability improvements is directly adoptable by software organizations for AI tool compliance without re-derivation
QGFVHN46,discard,medium,Law firm governance framework requires substantial domain re-derivation for software engineering contexts; the 'what AI replaces vs produces' principle is interesting but the implementation framework is domain-bound
8BPVBQ2H,keep,medium,"Reference architecture addressing SE pipeline challenges (bias propagation, security vulnerabilities) with HITL reinforcement directly addresses governance of AI systems in software development contexts"
NGIH5T4C,keep,medium,Directly addresses AI-enhanced code review with explicit human oversight angle and case examples from tech firms; even as survey the case studies provide actionable reference points for practitioners
3IH4PUPA,keep,medium,Empirical evaluation of XAI techniques for trust calibration in human oversight provides measurement methodology transferable to code review contexts; context-dependence finding itself is operationalizable
KNX6AJCH,discard,medium,Theoretical model for organizational knowledge credibility requires substantial re-derivation for code governance; evidence graphs concept is interesting but the paper's focus on knowledge credibility not code provenance
778DRS29,discard,medium,Abstract contains only keywords; cannot identify operationalizable mechanism or methodology despite relevant-sounding terminology about AI governance in software development
ZT2YAEN9,discard,high,Conceptual framing about 'living enterprises' and 'probabilistic' governance without identifiable operationalizable mechanism; reads as thought leadership rather than actionable framework
GBGN236Z,discard,medium,"Pharmaceutical regulatory context (GxP, clinical trials) requires substantial re-derivation for software engineering; the 'governance as trust infrastructure' concept is too abstract without domain-specific implementation"
BE3RJELK,discard,medium,Entropy/cybernetics framing without identifiable operationalizable mechanism; 'actionable guidance' claim not substantiated in abstract with concrete measures or methods
8I9VS22E,keep,medium,Algorithmic impact assessment frameworks are directly adoptable governance mechanisms for software organizations evaluating AI coding tools; institutional design perspective informs implementation
SD744UB3,keep,medium,Empirical measurement of compliance readiness (19% finding) provides benchmarking methodology and baseline; software organizations can use methodology to assess their own AI governance maturity
YBBKP9QC,keep,medium,"Concrete KPIs for agentic AI (hallucination rate, task completion) are directly measurable metrics applicable to AI coding agent governance; agent oversight pillar addresses scaling challenge"
IEKZGF9W,keep,medium,Automation bias and algorithm aversion mitigation tactics with case studies transfer directly to AI-assisted code review; hybrid decision-making models address the core human oversight scaling challenge
GP6BAA4C,discard,high,LLM-based documentation maintenance tooling is useful but does not address AI code governance or oversight scaling; the HITL workflow is for documentation updates not code review
ADUKIXA3,keep,medium,Human oversight as organizational labor induced by legal regulation provides structural mechanism for how software organizations can implement AI Act-mandated oversight roles
3HHHN3FE,discard,high,No abstract available and title indicates theoretical AI alignment philosophy; cannot assess operationalizability and no evident mechanism for software engineering governance
R6JISKKW,keep,medium,"Governance architecture with decision-state logging, suppression transparency, and embedded human oversight checkpoints transfers to AI code review pipelines; mechanisms are domain-agnostic patterns despite energy sector context"
Q5RS3ZXV,keep,medium,AACT framework for reducing AI over-reliance through counterfactual analysis of human reasoning transfers to code review trust calibration; cognitive mechanism is domain-agnostic and translation from prediction to review is trivial
BS4B2728,discard,medium,Abstract is predominantly keywords with no assessable methodology; human intervention prerequisites framing is descriptive rather than providing operationalizable mechanisms
2G7XY3PU,discard,medium,XAI for cloud orchestration decisions is infrastructure automation rather than code quality governance; explanation mechanisms for orchestration vs code review require substantial re-derivation of what constitutes meaningful explanation
FNTL6JN9,keep,medium,Human-LLM iterative refinement workflow with validation mechanisms in software engineering context (Stack Overflow) transfers structurally to code review oversight; synergistic collaboration pattern directly operationalizable
HCPRUGB6,discard,high,One-sentence abstract provides no assessable content despite relevant title; cannot confirm any operationalizable contribution to AI-first software development methodology
NBDTTWLH,discard,medium,Democratic accountability framing and DAGS-CVCA context indicate public-sector AI governance focus; transferability to software engineering teams requires substantial re-derivation beyond what abstract supports
695YSSVC,discard,high,Historical-legal analysis of right-to-human-review constructions provides regulatory context but no operational mechanisms; informational rather than operationalizable for software teams
KV98BNHC,keep,medium,Semantic governance layer addressing prompt injection and LLM security for enterprise AI assistants directly applies to AI coding tool governance; mechanisms transfer without domain re-derivation
DD55YWWF,discard,medium,Abstract mentions advertising alongside civil liability suggesting creative content focus; no confirmation of code-specific liability treatment prevents operationalizability assessment
LLMIKPLX,discard,high,Single-sentence abstract provides no assessable methodology or mechanism; braking-device inversion concept uninterpretable without content
VMIN7FX9,discard,medium,Keywords-only abstract prevents assessment of law-following AI framework methodology; cannot confirm software engineering applicability or operationalizability
W5UFVCR9,discard,medium,Panel discussion format lacks empirical methodology; aspirational framework contribution without delivered operationalizable mechanisms for software validation or risk assessment
P8CUB84H,keep,medium,"HITL supervision, immutable audit trails, source verification to prevent hallucinations, and mandatory disclosure are domain-agnostic governance mechanisms directly transferable to code review pipelines"
QULWS3JL,keep,medium,"Design-science evaluated framework with privacy gateway, RAG, continuous control monitoring, and HITL provides technical governance architecture transferable to AI coding tool governance"
TLCN4EKE,discard,medium,Keywords-only abstract prevents assessment of cognitive decompression attack framework; theoretical LLM security contribution unassessable for software engineering operationalizability
N3PMUPGK,discard,high,"Vision-specific methodology (OOD detection, open-set recognition, category discovery) has no structural parallel to code review; compliance framing is generic but mechanisms are non-transferable"
6NR73DTR,discard,high,Qualitative perception study of UX designers provides descriptive observations about skill degradation but no operational governance mechanisms; substantial domain re-derivation required
EPBF85Q9,discard,high,"Abstract is keywords plus a single-line claim; no mechanism, methodology, or findings visible to assess operationalizability for SE teams."
Z2EYJP79,keep,medium,Empirical governance gap data (85% lack protective measures despite 95% risk awareness) quantifies adoption barriers; risk-prioritization frameworks for resource-constrained environments transfer to SE teams.
WIFK95JQ,keep,medium,Auditing methodology for LLM behavior where correctness is undefined directly applies to AI code quality assessment; employment domain but the audit framework structure transfers without re-derivation.
3X9FU8H9,discard,high,"Abstract is keywords plus one claim about monitoring costs; no game-theoretic model, methodology, or concrete mechanism described to operationalize."
77GQQEXZ,discard,medium,Legal technology commentary proposing generic audit mechanisms; 'three reasons to pause' framing is cautionary not constructive; no reproducible methodology or specified mechanisms.
FWCGTMFN,keep,medium,Risk-scaled oversight framework with maturity-based adoption path provides domain-agnostic governance mechanisms; risk tiers map to code criticality without substantial re-derivation.
4A6JE4Z8,discard,high,"No abstract; title indicates social AI capabilities research without governance, oversight, or risk measurement angle."
JW9744N2,discard,medium,No abstract to assess operationalizability; OT security principles for industrial systems may not transfer to software code governance without the content to evaluate.
YHXNQBEB,keep,medium,SWAR mechanism for scalable human oversight of LLM outputs addresses identical structural problem to code review; validation pipeline and risk assessment approach transfer directly.
27D36V3E,keep,medium,Empirical case study of AI code tools in SMEs with quantified error reduction (50%) provides reproducible methodology; IP and over-reliance risks identified for governance consideration.
IMLDX22L,discard,high,"Abstract is keywords only (AI Auditing, Cybersecurity Risk Assessment); cannot assess operationalizability without substantive content."
ISFAYYKX,discard,medium,Reproducible accuracy methodology but scope is SQL syntax only; human supervision finding is descriptive not a framework; too narrow to operationalize general AI code governance.
5EU48D9J,discard,high,Abstract is keywords only; no substantive content to assess whether any actionable contribution exists.
ZQY67LDF,keep,medium,Empirical interview study identifies overreliance risks and security vulnerabilities in AI adoption; findings on rushed implementation and accountability gaps inform governance timing and risk signals.
QBZTPWQR,keep,medium,Verifiable context engineering with accountability mechanisms and GitHub assistant exemplar demonstrates SE relevance; traceability infrastructure directly applicable to AI code assistant governance.
4GSP8DTH,discard,medium,Creative IP authorship framing doesn't transfer to code where work-for-hire and different liability structures apply; mandatory transparency requirement too generic without code-specific operationalization.
KJRRCXTZ,discard,high,"Abstract is keywords plus one provocative claim about liability; no concrete framework, methodology, or operationalizable mechanism described."
CIHI7CTY,keep,medium,Execution authorization and responsibility attribution mechanisms directly apply to AI code commit/deploy gates; deterministic reproducibility supports audit requirements.
NZXY7X7U,keep,medium,Pre-execution control at inference-to-execution boundary is structurally identical to code review before merge; the gap between AI output and action is exactly the code governance problem.
DLN8GFHU,discard,medium,"AI experimentation documentation framework targets researchers, not software teams; documents AI development process not AI-generated code artifacts that SE teams need to govern."
```,,,
J9JX9MWE,discard,medium,"Healthcare cyber resilience governance framework requires substantial domain re-derivation for code review contexts; the claimed transferability is to AI governance generally, not software engineering code oversight specifically."
B8AFDQLU,discard,medium,Keyword-only abstract with no methodology or evidence of software applicability; runtime ethics enforcement could be relevant but without content cannot verify operationalizability.
EB9D98W5,keep,high,"HITL/LITL validation framework with concrete assessment dimensions (correctness, readability, safety compliance, modularity) for AI-generated code transfers directly to software code review without substantial re-derivation."
E4QCSP4C,discard,medium,Pre/post-inference detection addresses LLM model-level safety evaluation rather than software code governance; a software engineering team reviewing AI-generated code would not operationalize this middleware pattern.
EB49Q8QM,keep,high,"Four CSFs for automation bias mitigation (task-based automation, process-based automation, performance appraisal, analyst training) in high-volume alert triage map structurally to AI code review oversight design without domain re-derivation."
DCDQ6EVB,discard,high,"Keyword-only abstract provides no methodology, evidence, or mechanism; cannot verify operationalizability for any software engineering context."
2JGQ4TCB,discard,medium,Keyword-only abstract with no methodology or framework content; epistemic risk framing is relevant but cannot verify an actionable procedural contribution exists.
MZZTVXIF,keep,medium,Quasi-experimental evidence that GAI reduces cognitive burden and mitigates heuristic biases while identifying over-reliance challenges; the HI-GAI collaboration framework addresses accountability concerns transferable to code review governance.
B8CIYLXF,keep,medium,Maps EU AI Act and Korea AI framework regulatory obligations to platform governance clauses; directly actionable for software organizations determining GenAI deployment compliance obligations.
4YKMK4ZI,keep,medium,Formal impossibility result for observability-based authorization with audit methodology implications is actionable for governance design by identifying approaches that cannot work.
3RU5GGU5,keep,high,"Empirical quantification of sycophancy-driven epistemic drift across 11,949 LLM interaction relays provides reproducible methodology for measuring a failure mode directly relevant to developer trust calibration with AI coding assistants."
5YA7AZSU,discard,medium,Title suggests a use case description of vibe coding rather than governance contribution; absent abstract and framing indicate no actionable finding beyond the implementation narrative.
QM23P2TQ,discard,medium,Human supervision and verification mechanisms appear as concluding recommendations rather than central contribution; the chapter surveys LCNC platforms without providing operationalizable governance mechanisms.
732VDKJD,keep,high,"Defines vibe coding and identifies operationally relevant risks (black-box codebases, responsibility gaps, ecosystem bias) that directly inform what governance mechanisms must address in software organizations."
3NJ2JT3B,discard,medium,Triadic coordination layer with HITL triggers is theoretically interesting but the thin abstract provides no evidence of software engineering domain applicability or implementation details.
S85B7LEF,keep,medium,HITL outperformance finding across cybersecurity domains with Explainable AI component provides evidence-based guidance for AI code security review design; the trust and responsible AI framing transfers to developer oversight contexts.
J94QSBDT,discard,high,"Abstract is poetic framing ('governance boundary,' 'theatre vs governance') without describing an operationalizable methodology; decision-reconstructability is conceptually relevant but no measurement or mechanism is presented"
JAQDTIWH,discard,high,Zero trust framework addresses AI infrastructure security (securing AI systems themselves) not oversight of AI-generated code; wrong type of governance for this SLR's scope
WEWQ9NTT,keep,medium,Multi-agent adversarial verification with hallucination detection is a transferable mechanism; employment/insurance domain but the verification architecture applies directly to code output validation without re-derivation
X3FX9DI2,discard,high,Abstract is empty (only DOI stub); cannot assess operationalizability without content describing methodology
ZVDJ5J88,keep,medium,Explicitly names software development automation as a target domain and proposes agentic RAI architecture for measuring AI impact at business-process level; measurement framework is operationalizable
TGXC3NVN,discard,high,No abstract available; cannot assess whether survey provides operationalizable detection methods versus descriptive taxonomy
8KRT655H,discard,medium,CCI-AI metric addresses corrigibility and human oversight but consciousness theory grounding requires substantial conceptual translation to apply coordination-capacity benchmarks to code review contexts
Q35G2TN5,discard,high,"Abstract is too thin ('We explore practical aspects...') with no description of specific mechanisms, frameworks, or findings; cannot confirm operationalizable contribution"
6EKVYBCD,keep,medium,CDR guidelines cover software provider perspective with governance mechanisms across development lifecycle phases; conversational agent domain but software development lifecycle governance structure transfers directly
BGH8KIK7,keep,high,HITL workflow validating LLM-generated code through automated execution and iterative human feedback is directly parallel to AI code review; railway domain is incidental to the transferable code validation mechanism
9ITXRLSL,discard,medium,Three-layer governance framework addresses bias/fairness rather than code quality or security; liability allocation structure is general but bias-specific concerns don't transfer to code governance priorities
25SNDLXV,keep,medium,"Quantified proportionality framework with specific coverage metrics (87.5% mitigation, regulatory coverage percentages) provides operationalizable risk-tiering mechanism transferable to software engineering governance"
8BLIERUP,keep,high,DELIA's deterministic post-processing constraints with cryptographic auditability and reproducibility guarantees are model-agnostic and structurally applicable to code governance pipelines; mechanism transfers without domain re-derivation
3MCSLDND,discard,medium,Observability-over-interpretability framing is promising but abstract is too thin to confirm operationalizable mechanisms; financial regulator focus without clear transfer pathway to SE organizations
8NMTYPQY,keep,medium,Traffic light authorization system based on operational risk provides directly transferable model for SE teams gating AI agent capabilities; legal framing requires minimal translation to engineering access control
IK7JA24D,discard,medium,"HITL framework for literature filtering has structural parallel to code review scaling but the filtering criteria, signals, and failure modes differ substantially; domain translation from paper relevance to code quality is non-trivial"
FP5F53AK,discard,high,No abstract available; cannot assess whether AI manager agent risks and oversight mechanisms address code governance
LZJCNS47,discard,medium,Mesh topology and federated governance for agentic AI addresses enterprise LLM vulnerabilities but abstract lacks specifics on how this applies to code oversight; transferability unclear
UPQ83E9W,discard,high,Insider threat detection and forensic readiness address security governance but not code quality oversight; defense-industrial-base domain and exfiltration focus are orthogonal to AI code review scaling
CRB3MXRC,keep,medium,Technical framework operationalizing EU AI Act Articles 9-15 with immutable audit logs and accountability architecture; human oversight mandate implementation transfers to software engineering compliance contexts
FRVGRNQA,discard,high,No abstract provided; cannot verify any operationalizable contribution exists. 'Preliminary review' title suggests descriptive content without actionable mechanisms.
LBWH5PTC,discard,medium,Abstract is essentially keywords with no substantive content describing what MEG actually contains; cannot verify operationalizable governance mechanisms exist despite promising terms.
NZ36ZISH,discard,medium,"Generic organizational decision-making framework for forecasting and data analysis; code review has specific characteristics (deterministic verification, test suites) requiring substantial re-derivation rather than direct adoption."
E8ZDG9MY,discard,medium,"Finance-specific governance layers (CFO leadership, financial controls, audit) have different risk profiles and approval chains than code; substantial domain translation required to derive what triggers escalation and boundaries mean for code contexts."
BAQXVTG8,keep,medium,"Source-code taxonomy provides actionable 12-dimension framework for evaluating coding agent architectures on governance-relevant factors (tool isolation, context compaction, state management); identifies where intervention points could be designed."
MCP8IBR2,discard,medium,Zero-autonomous-decision principle is interesting architectural concept but paper is not grounded in software engineering context; 'dynamic code generation' is mentioned but not as primary focus or application domain.
X7FVXLCR,keep,medium,"LGAIM regulatory framework with layered obligations (minimum standards, high-risk, value chain) maps directly to AI coding tool deployment; transparency and risk management requirements operationalizable by teams as professional users."
TUFL384M,discard,medium,Indian jurisdiction limits generalizability; developer liability analysis addresses hallucinations generally without code-specific analysis that would make findings actionable for software engineering governance.
MVEPLDXY,discard,high,"Mathematical formalism (operator algebra, idempotent projectors, mesaoptimization) requires substantial derivation to produce actionable mechanisms; no software team could adopt this directly."
KHB3LUSH,discard,high,Abstract is entirely keywords with no substantive content; cannot assess whether proposed framework contains any operationalizable contribution despite promising terms.
SNUVSSCC,discard,medium,LLM assessing human-created architecture diagrams is inverted relationship from the SLR focus (humans reviewing LLM-generated code); finding that human oversight is indispensable doesn't transfer to code governance mechanisms.
4JWRL9DH,discard,medium,Paper's core contribution is dependency network risk quantification; AI-assisted coding observation is incidental finding without governance mechanism. Network analysis doesn't give teams AI code oversight tools.
5XSGMMPB,keep,high,Green/Yellow/Red prompt classification zones directly adoptable by software teams using AI coding tools without domain translation; EU AI Act Article 4 compliance guidance immediately operationalizable.
UYTMXP9Z,discard,medium,"Benchmark targets superhuman AI alignment problem (truth-telling vs deception in AI models); ASD metric and Debate protocol evaluation context is AI safety research, not practical code review scaling."
I2GKH6KF,discard,medium,LLM test generation methodology focuses on improving LLM capability (coverage metrics) not governing or overseeing AI-generated artifacts; productivity enhancement paper without oversight angle.
4KWVGZJB,discard,medium,Thin abstract prevents verification that operational mechanisms exist or that scope reaches code/software governance; keywords suggest relevance but no evidence of actionable contribution.
SE33EEZH,discard,medium,"Keyword-only abstract (strict liability, product liability, algorithmic accountability) provides no evidence of mechanisms or analysis applicable to code; cannot verify transferability claim."
7SXF8MGW,discard,medium,CAS framing for GenAI governance is conceptual; adaptive governance and HITL mentioned but without specific mechanisms described. Generic framework requires substantial domain translation for software teams.
9FSTG2PE,keep,medium,"Benchmark reveals specific code agent bottlenecks (cross-phase dependencies, quality degradation in end-to-end tasks) that inform where human oversight intervention should be designed; reproducible methodology for capability gap measurement."
B4NA66A4,discard,medium,"SagaLLM addresses LLM planning systems not coding agents; while Saga pattern concepts (rollback, validation) are transferable, paper doesn't establish code context and teams would need to re-derive the application."
JY4U3WZI,discard,medium,Proposes a meta-governance body structure (tripartite registry) rather than an engineering control; SE teams cannot adopt an institutional proposal as a practical mechanism
L5V2845I,keep,medium,Operational HITL data cycle with continuous monitoring and collaborative workflow provides structural mechanisms that transfer to code review governance; audit domain differs but the loop architecture is directly adoptable
3JHLWGV3,keep,high,Explicitly systems-engineering-driven framework with software tooling and continuous monitoring that gathers evidence from automated tests; mechanism transfers directly to AI code assurance without domain re-derivation
8JWA3A6P,keep,medium,Cost-sensitivity framework for HITL decisions under asymmetric error costs transfers trivially to code review triage — prioritizing reviews where undetected errors are most costly requires no domain re-derivation
GUE428AU,keep,medium,"Lists specific operational controls (threshold tuning, escalation pathways, audit logging) that are generic infrastructure patterns directly implementable in SE org governance regardless of health AI origin domain"
KKJKDCWS,discard,high,Abstract provides no evidence of specific mechanisms beyond 'comprehensive approach' and 'model governance' — these are descriptive labels not operationalizable methods; insufficient to assess actionability
A8XNV9RR,keep,medium,"Three-component audit framework (data, model, deployment) provides structural approach applicable to SE orgs adopting AI coding tools; the audit stages are generic enough to transfer without substantial re-derivation"
SLDGQI5F,keep,medium,Governance framework for autonomous AI agents with delegated authority directly addresses agentic coding assistants; the delegation and authority patterns are exactly the emerging governance challenge for SE orgs
GT8FQJ4K,discard,medium,Public administration decision-making context differs structurally from code review — government service decisions involve citizen rights and administrative law considerations that don't transfer; oversight-as-system-property is interesting but requires substantial re-derivation
455MHPCI,keep,medium,Empirical finding that limited code review practice correlates with higher perceived AI productivity is an actionable oversight signal; population differs from professional SE but the relationship between review practices and AI usage transfers
YJT8HS9Z,discard,medium,"Reliability-gated architecture is interesting but cyber-physical instantiation (sensor data, physical safety) requires substantial domain re-derivation for code review; forensic readiness patterns don't map cleanly to software artifacts"
TQGFG8YC,keep,medium,Benchmarking framework for AI-generated code evaluation with reproducible precision/recall/F1 metrics provides methodology transferable to general software contexts; the evaluation approach transfers even though forensic tasks differ
ZMASZZSG,discard,high,Legal/philosophical analysis of code IP paradox without operationalizable governance mechanism; SE orgs cannot act on theoretical IP regime analysis — they need specific controls not copyright theory
JEBKLJZ4,discard,medium,Abstract too thin to assess actionability; appears to be legal framework analysis of AI Act tensions rather than implementation guidance with engineering controls
PWB67TUT,discard,high,Mirror Effect is a theoretical framework describing a phenomenon (output quality severed from understanding) not an actionable mechanism; valuable insight but SE orgs cannot operationalize a diagnosis
3UCKY6L4,discard,high,"Abstract mentions only 'recommendations' with no visible methodology, measurement, or framework; insufficient evidence of operationalizable content"
RJC6SVR4,discard,medium,Legal analysis of GDPR/AI Act compliance requirements for LLMs remains at regulatory interpretation level without engineering-level controls; SE orgs need legal counsel not a legal analysis paper
BKFFQ8ZJ,discard,medium,US legislative analysis of Algorithmic Accountability Act without engineering-level mechanism; impact assessments mentioned but not operationalized into adoptable controls
2SDBF78T,keep,medium,HITL escalation protocols and immutable audit trails are directly operationalizable governance mechanisms; banking-to-software translation is trivial since the escalation/audit pattern transfers without re-derivation
R9J5U8IA,discard,high,"Theoretical synthesis of sycophancy literature without operational implementation — no mechanism, metric, or process a software team can adopt; fails operationalizability test"
2DGTDW4E,discard,medium,No abstract and 'high-level summary' framing indicates overview rather than operationalizable framework; cannot assess Article 14 or software provisions without content
UHWNFLT2,discard,medium,"Despite directly mentioning vibe coding, focus is labor market and role-reshaping implications — a software team cannot act on workforce trend analysis; no governance mechanism presented"
P7HEK487,keep,high,Benchmark quantifying verified-vs-vibe code generation success rates provides reproducible measurement methodology; teams can use this to assess AI code quality risk levels and set verification thresholds
5IZXVQS6,keep,medium,RCT findings on automation bias and trust miscalibration provide experimentally validated mechanisms (diverse AI perspectives improve judgment); trust calibration design transfers directly to code review
9V6RGZ9G,discard,medium,Legal analysis without evidence of actionable compliance framework for software teams; abstract confirms regulation focus but not operational mechanisms for engineering orgs
MIURMRB9,discard,high,No abstract; title indicates conceptual landscape overview — fails operationalizability test by being definitional without actionable contribution
SZKPQWCC,discard,medium,Cloud infrastructure governance mechanisms require substantial re-derivation to code review context; the domain gap (infrastructure provisioning vs code quality) is not trivial
UNRV995L,discard,medium,Abstract too thin to assess operationalizability; SOX-style concept is promising but no evidence of actionable framework or software focus
PMPV54J9,keep,medium,Organizational framework for AI agent integration with trust/liability distinctions provides structure software teams can adopt for deploying AI coding tools; hybrid team dynamics transfer directly
SSHGBPBL,discard,high,Single-sentence abstract about data commodification provides no evidence of operationalizable content; cannot assess without actual framework content
MJDUMWUX,keep,high,Clause-level compliance crosswalk is directly operationalizable — teams managing multi-framework AI compliance can reuse evidence artifacts; high alignment in human oversight creates actionable corridor
884ERQST,keep,medium,Developer/deployer/user responsibility allocation framework maps directly to software AI tool governance decisions; supply chain model provides actionable accountability structure
X3W5WKB5,discard,medium,Economic model of verification effort requires substantial re-derivation from economics to engineering practice; software teams cannot directly adopt market equilibrium analysis
7VXQ4CPI,keep,medium,Systematic prompt pattern catalog for mission-critical software provides standardizable mechanisms teams can adopt to control AI code generation interactions; directly operationalizable
XKEY3YYF,keep,medium,HALIE evaluation framework provides measurement methodology for human-LM interaction quality including code autocomplete; teams can use dimensions to assess AI coding tool effectiveness
C2IDS2XP,discard,medium,EU AI Act risk classification analysis for agentic AI lacks explicit software/DevSecOps scope; translation to code-generating agent governance requires substantial domain argument not present in abstract
YCIF3VGA,discard,high,AI ethics maturity model provides assessment checklist without operationalizable mechanism; no software/code-specific angle and maturity models require substantial domain adaptation to become actionable for code governance
NLW3HZN2,discard,high,Practice-based compliance framework grounded in Social Practice Theory is theoretical sociology requiring substantial re-derivation; no demonstrated applicability to software engineering organizations
XBK7KB3E,keep,medium,Pipeline methodology (evaluation-testing-rationale-oversight) with explicit HITL validation against gold-standard data provides transferable oversight structure; stage-based approach maps to code review workflow design with minimal adaptation
5HT7MJV3,keep,high,Agentic workflow drift and workflow subversion risk taxonomy directly applies to agentic coding tool governance; risks of AI agents executing against unintended definitions are domain-general despite financial services framing
JFIUWS9F,discard,high,"Descriptive identification of emerging AI governance roles (trust leads, risk specialists) without operational framework for how to structure or staff these roles; fails operationalizability test"
XF92TSIM,discard,medium,Identifies governance gap between output assurance and structural stability conceptually but provides no operationalizable detection mechanism or measurement methodology; descriptive without being actionable
9I8TTE85,discard,medium,Regulatory interpretation mapping EU AI Act to auditing terminology useful for policy understanding but provides no operational mechanisms for software teams to implement; exegesis rather than guidance
VEGZR3CP,discard,medium,Verification framework concept for computational claims is relevant but abstract too thin to assess whether transferable mechanism exists; domain translation from finance/clinical to code not demonstrated
9NA8TTTH,keep,medium,"Multi-framework synthesis integrating EU AI Act, NIST AI RMF, IEEE 7000, ISO/IEC 42001 with explicit oversight mechanisms provides actionable compliance integration for enterprise AI deployments including software organizations"
L244XDA5,discard,high,Training data provenance protocol addresses AI governance at training data layer not output/code layer; no applicability to oversight of AI-generated code outputs which is distinct problem domain
YUGG954N,discard,medium,Organizational theory framework using Viable System Model requires substantial domain re-derivation for software engineering; interesting concepts (Capability-Comprehension Gap) but no direct operational mechanism for code governance
37FEWW5S,keep,high,Goal-Plan-Step sentinel requiring plan publication and step-level justifications before agentic AI execution directly transfers to oversight of agentic coding tools; IoT implementation is incidental to the governance pattern
7VEK3RVR,keep,high,Human-Exception governance model demonstrating transition from HITL directly addresses oversight scaling challenge; governance tiering structure (humans review exceptions not every action) transfers to code review without re-derivation
4DA5ZQ6D,discard,medium,"Describes oversight failure modes (AI fabrications passing undetected, fragmented oversight, prompt injection) but provides no operationalizable detection or mitigation mechanisms; problem analysis without solution"
CTAMRMIV,discard,medium,SNA methodology for AI agent coordination addresses organizational structure analysis rather than oversight of code outputs; indirect relevance to code governance fails operationalizability test
ZTC5ZMK7,keep,medium,Real-time cognitive bias detection and intervention mechanism for human-AI collaboration directly addresses automation bias risk in code review; platform architecture provides operational framework for bias mitigation during AI-assisted decisions
ZS3KBZTP,discard,high,Framework addresses scalable oversight but superintelligence framing and category theory formalism require substantial re-derivation for software engineering teams; no structural parallel to code review workflows.
TYTD8HNL,discard,high,Abstract provides only keywords with no methodology or findings; cannot assess operationalizability without content describing what the framework actually produces.
BKSNXFDK,keep,medium,Risk scorecard mechanism for continuous compliance with NIST RMF alignment is directly transferable; software orgs managing AI tools face same GRC requirements as financial firms adopting AI.
I2J69IHM,keep,medium,Governance-to-production gap diagnostic concept transfers directly—software engineering organizations deploying AI coding tools face the same maturity-alignment problem; the framework structure generalizes beyond banking.
NL97MRGR,discard,high,UX/interface annotation standard for web agents; human oversight provisions are at the interface layer not the code review/governance layer—connection to reviewing AI-generated code requires substantial argument not present.
3NBKLXY3,discard,high,Abstract explicitly states AURA is 'an infrastructural reference layer rather than a governance' framework; pre-standard testbed status means not yet operationalizable by software teams.
X73CHPN8,discard,medium,"Liability decomposition framework is domain-locked to financial instruments (flash crashes, DeFi, DORA); the risk quantification methods don't transfer to code accountability without substantial re-derivation."
5XLKWKF4,discard,high,Paper is a critique ('Illusions of Control') proposing conceptual architecture; no evidence of concrete implementable mechanisms—descriptive of problems rather than operationalizable solutions.
9B8UDBZG,discard,medium,No abstract available; cannot apply operationalizability test or verify relevance to software code governance—title alone insufficient for inclusion in synthesis corpus.
INU3M3BG,keep,high,Explicitly addresses operationalization of accountability for agentic AI with tool-mediated execution—structurally parallel to AI coding assistants; addresses the exact gap (underspecified operationalization) this SLR targets.
5WLF2NZU,discard,medium,Negative finding (UI designs insufficient to correct misconceptions) on general users not developers; limited actionability for software teams—describes phenomenon without providing intervention mechanism.
P6F3MVBT,discard,medium,Automation bias causing reversed attributions is an interesting psychological finding but descriptive not prescriptive; no governance mechanism or process a software team could implement.
AG7UJKDE,keep,high,Survey synthesizes metamorphic testing methodologies for LLM code reliability and hallucination detection; MT provides oracle-independent quality assurance directly applicable to AI-generated code validation.
HFDFK4CN,discard,medium,Approval-tax and comprehension-tax concepts are compelling but military command hierarchy differs structurally from software team code review; transfer requires derivation work beyond scope of original framework.
W2ZVHTSQ,discard,medium,"No abstract available; cannot assess methodology, scope, or transferability—title alone insufficient to confirm operationalizable contribution."
CMICJSPL,keep,medium,Synchronous/asynchronous HITL review architectures and rubric-based expert capture mechanisms transfer with minimal adaptation to AI code review workflows; the structural parallel is direct.
NK5VHI9V,keep,high,Quantified automation bias (47%) and confirmation bias (37%) in technical analysts reviewing AI outputs; security analysts evaluating AI alerts is structurally parallel to developers reviewing AI code—XAI and trust calibration mitigations directly applicable.
4TYKTMN4,keep,medium,Verification debt concept for foundation model outputs addresses core challenge of AI code governance; defensibility-first framework provides decision architecture applicable to engineering organizations even without explicit software scope.
6N8BFFFK,discard,medium,Abstract provides only problem statement (governance and security challenges) without confirmed operationalizable findings; descriptive framing without methodology or mechanism.
TIFCAJQR,discard,high,Abstract consists only of keywords with no substantive content; cannot assess whether paper provides operationalizable contribution beyond topic labels
CYSJ3A27,discard,medium,HITL labor architecture addresses workforce configuration and certification pathways in labor markets; mechanism concerns job design not output validation — transfer to code review requires substantial domain re-derivation
THUAX4U7,keep,medium,CI/CD governance patterns and compliance frameworks for autonomous AI agents are directly applicable to software engineering pipelines; agentic AI deployment mechanisms transfer despite public administration primary domain
62S6DFXY,keep,medium,NIST AI RMF-aligned framework with computable permission boundaries and monitoring thresholds provides operationalizable governance-measurement-management loop; optimization methodology transfers to AI code governance
FGR7FN35,discard,medium,AI liability framework addresses products liability and oversight conceptually but abstract does not indicate operationalizable guidance an engineering org could implement; legal scholarship without compliance framework
G23UAFBT,discard,high,"Board-level risk materiality in financial terms (free cash flow, enterprise value) has no software engineering connection; framework serves directors and CFOs not engineering teams managing AI code"
I6FZ5GD2,keep,high,"Visual analytics system for examining LLM coding agent behaviors across code-level, process-level, and LLM-level analysis directly supports human oversight of AI code generation; mechanism is immediately applicable despite ML competition framing"
UGQ9DT5M,discard,medium,Legal scholarship analyzing existence of EU truth-related duties for LLMs; interpretive analysis without operational compliance framework or software-specific guidance
9YGXMUW3,discard,high,Forensic investigation framework recovers chat artifacts post-incident; mechanism is audit/forensics not governance of code generation during development
ZKKBHG9W,keep,medium,"Artefact-based transparency framework with YAML schema, Transparency Scorecard, and Registry provides operationalizable assessment methodology explicitly inspired by software development principles"
ZXLWTKRF,discard,high,Abstract contains only appendix references and keyword metadata; no substantive description of contribution to evaluate
ET5U88I7,keep,medium,Empirical finding that mechanistic interpretability fails to enable human oversight correction challenges core oversight assumption; negative result is actionable — don't rely on interpretability alone for safety-critical review
UCJ7LTG9,discard,medium,Behavioral experiment measuring algorithm appreciation provides weight-of-advice metrics; research contribution to trust calibration literature but no operational framework for software engineering adoption
4CR8GVNV,keep,medium,HITL drift detection and recalibration framework with defined evaluation metrics for persistent AI agents; mechanism transfers to long-running coding assistants that maintain context over sessions
RCRQT2RZ,keep,medium,Compliance-as-code for machine-readable regulation with explicit reference to generative tools in enterprise workflows; mechanism applies to automated compliance checking in software engineering pipelines
BFPEC3IK,discard,medium,Identifies interpretability gap in AI-assisted institutional decisions but abstract indicates diagnostic analysis of what's missing rather than prescriptive mechanisms to address it
6MTQV7V3,discard,high,Abstract corrupted with repeated placeholder text; no evaluable content despite potentially relevant keywords
PBFMRG3B,discard,high,No abstract available; hallucination classification topic cannot be assessed for operationalizability from title alone
MBS5C7LD,discard,medium,Four-factor oversight framework is meta-level (what shapes oversight) not mechanism-level; a software team would need to re-derive all factors for code review context which is substantial domain work not trivial translation
8B46YAHW,keep,medium,Dataset explicitly includes code generation task; HITL deployment framework with 85% detection accuracy provides methodology directly applicable to AI code provenance detection in software orgs
JXJQGBN8,discard,medium,High-level policy/standards analysis of NIST AI RMF and ISO/IEC 42001 without software engineering specificity; no DevSecOps or code-level operationalization present
HNQT56FM,discard,medium,No abstract prevents operationalizability assessment; title indicates AI alignment moral philosophy without apparent engineering mechanism
BE8U3QRR,discard,medium,Sparse abstract shows standards analysis focus; no software/code-specific implementation guidance despite 'technical' framing
MJKFY8UC,keep,medium,Policy-as-code and heterogeneity scoring to avoid monoculture are explicitly software engineering patterns; fail-close is a standard engineering practice — these transfer trivially despite financial framing
EVCJBNEU,discard,medium,AI failure detection and accountability records serve workforce preservation goal not code quality governance; mechanisms designed for different purpose than SLR scope
G9QRERTM,discard,medium,General AI innovation governance validated at org level; compliance measurement targets AIA generally not code review practices or AI code quality specifically
DYXBGHXH,discard,medium,Methodological note about thesis generation process rather than empirical research; lacks operationalizable methodology for measuring or addressing the HITL liability gap identified
CXEL968T,discard,medium,Near-empty abstract prevents assessment; legislative liability framework is policy not engineering practice
RBKZILQD,discard,medium,Insurance-as-governance requires organizational/legal mediation; software teams cannot directly adopt insurance frameworks as engineering practice
XLZVTNUC,discard,high,Legal scholarship analyzing judicial interpretation of AI liability; despite mentioning human oversight the contribution is for litigation not engineering practice
7CPZ358P,discard,high,Philosophical analysis of purposes behind human control rather than operational mechanisms; weapons systems domain has no structural parallel to code review
Z6I9JDFX,discard,medium,Cross-framework legal audit analysis identifies regulatory gaps but provides no engineering methodology; software teams don't directly adopt legal audit frameworks
SVPFXI3P,keep,medium,Pairwise comparison mechanism for LLM-assisted review scaling is domain-agnostic and transfers trivially to code review prioritization; empirically validated to outperform rating-based methods
J998BUDB,keep,medium,Metrics for measuring HITL scaling thresholds empirically validated on 100K decisions; data governance and code review are both high-volume decision processes with structural parallel
DUBFF52U,keep,medium,"Tiered liability model with measurable indices (developer culpability, oversight, explainability) and ready-to-use procurement scorecard; developer/tool/operator allocation transfers to software contexts"
V4EEV4PB,keep,medium,Structured prompt governance frameworks for reducing LLM hallucination transfer directly to AI code generation quality management; evaluation methodology (LLM-as-Judge) is domain-agnostic
E26FSKPQ,keep,medium,Dynamic authority decay and runtime legitimacy mechanisms for agentic AI are structurally transferable to AI coding agent permission management; legal framing wraps an operational pattern (time-limited authorizations requiring re-validation).
Z4A98575,keep,medium,Clarifies the compliance trigger point (when fine-tuning makes you a GPAI provider) that software orgs deploying modified coding models must operationally plan around; knowing WHEN obligations attach is itself actionable.
3PBQ3P2V,discard,high,"Regulatory strategy analysis arguing what approaches 'are unlikely to be strong candidates' — this is policy evaluation for regulators, not an operationalizable mechanism for software engineering organizations."
VCI7FSVP,keep,high,Technical transpilation of EU AI Act logging and human oversight duties into computable clauses is inherently software-oriented and directly operationalizable in compliance automation pipelines.
F4U3MQ7N,keep,medium,Compliance framework explicitly structured around development and deployment lifecycle phases is directly applicable to software engineering organizations building AI systems.
RGNB3BEL,discard,medium,"Gap analysis identifies what ISO/IEC 42001 and EU AI Act lack for agentic AI but provides no operational mechanisms to fill those gaps — diagnostic for policymakers, not prescriptive for engineering orgs."
TZFN9PMG,discard,high,"Paper explicitly states it is 'descriptive, not normative' and defers governance framework to a companion paper; evidence layer documentation without actionable guidance."
56GRVSR7,keep,medium,"Under/over-reliance patterns and trust calibration findings in AI-assisted coding transfer to AI code review; the human-AI collaboration dynamic (review suggestions, accept/reject/modify) is structurally parallel."
J692UWE5,discard,high,"Macro regulatory economics arguing automated compliance loosens innovation-regulation trade-offs 'under plausible assumptions' — theoretical argument, no implementation mechanism."
WAYM37U6,discard,high,Critical analysis of HITL as rhetorical shield in federal rulemaking; meta-commentary on policy discourse provides no operational mechanism for meaningful oversight.
FWH4AVHN,keep,medium,Explicitly sector-agnostic multi-layer validation architecture aligned with NIST AI RMF is designed for cross-domain transfer; software deployment in high-stakes environments fits the stated scope.
J8FP9HT5,discard,high,Research proposal ('This research aims to...') describing intended methodology for wearable cognitive load measurement; no completed findings or framework yet available to operationalize.
7AWJFRQ6,discard,medium,Legal copyright analysis establishing that code memorization creates IP risk; characterizes the problem but provides no detection methodology or governance mechanism software orgs can implement.
48A4LRHQ,keep,medium,Policy prototyping program explicitly addresses operationalizing EU AI Act human oversight requirements through experimental implementation with companies; practical compliance insights for regulatory planning.
9V2RFB2U,discard,high,No abstract available; title indicates general ethics guideline development without apparent operational mechanism for software engineering code governance.
Y7ZWF7GT,keep,medium,"Architectural patterns (tamper-evident decision ledgers, hallucination anchoring, attribute-based agent access control) are technical mechanisms transferable to software AI governance; financial domain is application context not the contribution."
PQK3T4XZ,discard,medium,"Editorial synthesizing existing literature on oversight feasibility (XAI, HITL, regulatory approaches) and their limitations; life sciences anchor and survey format yield no new operational methodology."
YFR3REDU,keep,medium,"HITL supervision, data lineage, and model-risk management patterns are governance mechanisms that transfer without substantial re-derivation; investment domain specificity is in examples not framework structure."
VLY55FLI,discard,medium,"Provenance graphs track AI bias emergence generally — mechanism is about bias attribution across AI platforms, not code review or oversight scaling; translation to software governance would require substantial re-derivation of what 'bias' means in code context"
9B2RUW73,discard,medium,"HITL patterns (override, confidence gating) are relevant but domain is industrial root-cause diagnosis in manufacturing/operations; applying to software debugging governance requires substantial re-derivation not demonstrated in abstract"
82JCG2LM,keep,high,Direct empirical finding: LLM-generated code for complex control systems requires human oversight and manual corrections to achieve working code — this is exactly the oversight signal software teams need; PLC domain is specialized but finding transfers directly
GZ5SIYRL,discard,medium,"Versioned audit trail pattern targets agentic AI but domain is enterprise business rules governance, not software pipeline; abstract too truncated to confirm transferable mechanism exists"
QF8E45VG,discard,high,"Empty abstract — cannot evaluate operationalizability, relevance, or methodology; title suggests philosophical critique rather than actionable framework"
F4G9XXBR,keep,high,"Benchmark embeds mandatory audit logs, drift detection, anti-leakage checks, and explicit human oversight requirements for LLM-generated code; governance mechanisms are directly transferable regardless of trading domain application context"
WXBIUBXG,discard,medium,"Certification as governance tool is plausible but abstract presents general case only — no specific mechanism, no software application demonstrated; descriptive rather than operationalizable"
5T4I8VCK,discard,medium,"Whitepaper argues organizational challenge thesis but lacks empirical grounding or specific operational framework; 'explains why initiatives stall' is analysis, not actionable mechanism for software teams"
R29ICVM3,discard,medium,Literature review in financial auditing domain; algorithm aversion parallels exist but paper synthesizes existing work rather than presenting transferable mechanism for code review contexts
LW8L9PT2,discard,medium,Behavioral profiling detects RLHF tension in model training — alignment research contribution without connection to code review governance or software engineering practice
I2T6JYHJ,discard,medium,"Delegation-accountability framing includes software in scope but STS approach examines rather than operationalizes; no mechanism provided, conceptual analysis only"
HRNE69MA,discard,medium,Products liability argument for LLMs is legal framework without demonstrated application to code — liability incentives are relevant to governance but paper doesn't provide operationalizable mechanism for software teams
HY22ES2P,keep,medium,"Identifies NIST AI RMF, ISO 42001, Singapore principal hierarchy as operationally convergent with measurable governance obligations — these frameworks are directly applicable to software engineering organizations despite board liability framing"
VPAPF53G,keep,medium,SHARP framework provides structured human oversight checkpoints for AI-generated code with evaluation along code quality and human-agent interaction axes — checkpoint mechanism transfers directly to code review governance
KV3Q92R8,discard,medium,MITRE ATLAS gap analysis is ICS/OT-specific; consequence-oriented approach could inform software AI risk but industrial control system security domain requires substantial re-derivation
2YXS7NDD,discard,medium,"Covers AI-generated malicious code as adversarial threat with defensive responses — domain is supply chain security against external attackers, not governance of your own AI code generation"
9K45FHAG,keep,medium,"Human oversight mechanisms (automation bias, cognitive load, human-machine teaming) are structurally transferable to code review — the customer service domain application doesn't limit the mechanism's applicability to SE contexts"
Y5LGJ7L7,keep,high,Empirical quantification of automation bias and corrective overrides in algorithmic decision support; the trust calibration and override measurement mechanisms are domain-agnostic cognitive phenomena that transfer directly to code review contexts without re-derivation.
F346EA38,keep,medium,NIST AI RMF integration with quantitative risk metrics for agentic GenAI including 'AI Verification Gap' concept; NIST framework is explicitly designed for software systems and the quantitative metrics approach transfers to engineering orgs deploying AI coding agents.
4JCPFYQ9,discard,medium,Theoretical economics framework for institutional admissibility lacks operational mechanisms; 'theory of deployment' framing indicates conceptual contribution rather than actionable processes a software org could implement.
Y9RT3GUE,keep,high,Black-box confidence scoring method (BSDETECTOR) works on any LLM API output; applying it to code generation LLMs is trivial — same sampling/scoring approach — providing direct trust calibration mechanism for AI-generated code.
9ZYC2VGV,keep,high,"HITL defect triage, audit logging, provenance capture, and conservative deployment patterns are generic software engineering governance mechanisms directly applicable to any AI-assisted code pipeline without domain re-derivation."
TUMFQEHN,discard,high,"Abstract fragment too thin to assess operationalizability; no methodology, framework details, or actionable contribution discernible from available text."
A2WZES7C,discard,high,"Abstract reports no findings, methodology, or results — only states the paper 'studies effects'; operationalizability cannot be assessed and nothing actionable can be derived."
Y5FBG8U3,discard,medium,FinTech AI failure case study surfaces human oversight themes but abstract doesn't establish replicable framework or methodology; appears to be cautionary narrative rather than operationalizable contribution.
AB2LRFJM,discard,high,"Abstract is essentially empty — no findings, methodology, or domain discernible; impossible to assess operationalizability."
73FZBWIR,discard,medium,"Meta-level governance framework about how to create voluntary standards through multistakeholder processes; a software org cannot act on this directly — it describes standards creation, not standards themselves."
NNZGRC4G,keep,medium,"Direct study of vibe coding adoption among UX professionals is a central SLR topic; despite empty abstract, the explicit vibe coding focus warrants inclusion for full-text review of methodology and findings."
KV8KC9RL,keep,medium,LLM mediator agent framework explicitly aligned with 'proposed levels of SE automation' addresses human-computer collaboration orchestration in SDLC; automation levels framework is operationalizable for oversight governance.
II9LMMZN,discard,high,Developmental psychology AI alignment framework has no discernible operational connection to software engineering or code generation governance; truncated abstract confirms non-transferability.
TAU3JCYE,discard,medium,"Authority design framework for agentic AI covers enterprise governance but all case studies (financial services, healthcare, procurement) are non-software; substantial re-derivation would be required for code context."
HWBR9AAF,keep,high,Empirical finding (N=1403) that explainability fails to reduce overreliance on incorrect AI advice is a general cognitive mechanism directly actionable for code review design: explanations from AI coding tools won't help reviewers catch errors.
8PM9IXSU,keep,medium,Influence index and self-anchoring bias metrics are domain-agnostic measurements; framework for calibrating AI influence to user expertise transfers directly to code review (senior vs junior developer reliance patterns).
8ZUEVSW5,discard,medium,"Comprehensive SLR of LLM test generation capabilities covers evaluation benchmarks but is oriented toward capability research not governance; no risk measurement, oversight, or governance operationalization."
NHT59QHY,discard,high,Technology explainer format is descriptive by design; 'briefly explores' agentic AI accountability indicates no operationalizable contribution despite relevant framing.
QNDFHYEA,discard,medium,Verification obligation framework built on Rule 11 sanctions and legal professional responsibility has no structural parallel in software engineering; domain-specific legal mechanisms don't transfer without substantial re-derivation.
GQ5E7RPF,keep,medium,System-level HITL governance architecture with verifiable provenance and audit-readiness is operationalizable; blockchain provenance tracking and 'AI as decision-support not autonomous authority' directly applicable to AI code pipelines.
87LUCHIQ,discard,high,Abstract contains only keywords with no methodology or findings; cannot assess operationalizability from keyword list alone.
9IPQ7228,keep,medium,Quantifies LLM code generation success rates and human repair effort (1-8 hours); key finding that human evaluation outperforms AI evaluation for behavioral correctness directly informs code review oversight design.
GYIRPY4W,discard,medium,Keywords reference CI/CD and DORA metrics but the paper analyzes productivity divergence economics rather than providing actionable governance mechanisms; fails operationalizability test.
YZU9U92X,discard,high,"Keyword-only abstract ('Centaurs, Generative AI, Human-AI Algorithms') provides no basis for assessing whether framework is operationalizable or relevant to code review."
8RIXPFX3,discard,medium,Ontological framework for AI agency classification is theoretical; translating from 'agency misattribution' theory to actionable software engineering mechanisms requires substantial re-derivation.
VG8PSMM7,keep,high,BLEU/LITL/HITL layered validation pipeline (lexical triage → semantic verification → human compliance review) is a directly transferable mechanism for AI code oversight regardless of PLC domain specificity.
J2MN69PK,discard,medium,'Exploring challenges' framing indicates descriptive orientation; no specific mechanism or measurement identified — fails operationalizability test.
BZXVW89V,discard,medium,Government contracting approach to AI accountability requires substantial derivation to apply to software engineering team governance; no direct software/code connection in the mechanism.
LGGPYHB2,discard,medium,RAG multi-tenant governance addresses infrastructure compliance not code generation oversight; adjacent but not directly applicable without substantial domain bridging.
AAK77PJ4,keep,medium,Paper explicitly extracts 'six portable design principles for trustworthy AI pipelines in high-stakes domains' — transferability work already done by authors; code review is a high-stakes pipeline.
Q2M4782N,discard,medium,ICO AI auditing framework focuses on data protection compliance rather than software development governance; requires substantial translation to code review context.
TYM8CJ86,discard,high,Keyword-only abstract with no discernible methodology or finding; cannot evaluate operationalizability.
VCKYAYDX,discard,high,"Abstract too sparse to evaluate — no methodology, mechanism, or software engineering connection discernible from fragments."
R9HHU7L5,discard,medium,"Focus is on AI provider disclosure obligations under EU AI Act, not on software development team governance mechanisms; provider-side compliance doesn't directly inform developer oversight."
KMY7ADDS,discard,medium,Multi-agent project delivery coordination protocol addresses project management maturity not code governance; bridging argument to code review requires substantial re-derivation.
9WLXUS82,discard,high,Abstract is abstract philosophy ('energy dualism of digital systems') with no identifiable relevance to software engineering governance or operationalizable contribution.
QJJ39LEG,discard,high,"Framework automates requirements engineering tasks with HITL validation — software-adjacent but the oversight mechanism is for RE artifact quality, not governance of AI-generated code or oversight scaling for code review."
AEL4R9HU,discard,high,Conceptual model for embedding GenAI into organizational decision architecture — provides decision authority framing but no operationalizable mechanism; business strategy abstraction without software/DevSecOps specificity.
HGJKZM6W,discard,high,Empirical survey classifying RAI practices by organizational maturity under EU AI Act — describes what firms do but provides no governance mechanism for AI-generated code; general business practices without SE-specific contribution.
XXUVA5JU,discard,high,"LLM framework automates BDD test generation with HITL for stakeholder validation — testing productivity tool where HITL validates test artifacts, not governance of AI-generated production code or oversight scaling."
H9476IZF,discard,high,"Four LLM-driven BPM use cases with auditable workflows in manufacturing, pharma, modeling, and textile design — all four domains are non-software; mechanisms would require substantial re-derivation for code review context."
LMJ2VUXH,discard,medium,"Governance pathways (provenance tagging, HITL, auditing) for AI-generated content quality are transferable concepts but paper anchors entirely in creative industries and management — domain translation to code governance is non-trivial."
XDRGCG6V,discard,high,Multi-layered governance architecture with GNN/LLM anomaly reasoning and HITL for financial fraud detection — mechanisms are deeply domain-specific to financial transaction patterns with no structural parallel to code review.
EZ2YGNSM,discard,high,Frames enterprise AI adoption as systemic strategic risk requiring organizational control systems — high-level risk categorization without software/DevSecOps specificity or actionable governance mechanism for code teams.
4F5PX7PE,keep,medium,Field experiment measuring automation bias when humans vet AI outputs — empirical findings on human-AI decision dynamics and situational automation bias directly inform how to structure HITL oversight in any domain including code review.
JW4GVHIG,discard,high,Theoretical analysis of cognitive vigilance burden and accountability decoupling under AI delegation — captures the oversight problem conceptually but provides no operational measurement method or governance mechanism.
RNGYBTS7,discard,medium,AI governance maturity model with lifecycle traceability for enterprise/government — operationalizable framework structure but abstract lacks any software/DevSecOps focus; would require substantial adaptation for code governance.
6JSXPFZ7,discard,medium,Survey of AI ethics operationalization progress and auditing tools — abstract is keywords only with no detail confirming software-specific applicability or actionable mechanism for code governance.
HNM5GF5D,discard,high,"AI ethics assessment blueprint with KPIs mapped to ethics frameworks — explicitly operationalizable but targets general AI ethics across all sectors; pilot is generative AI in education, not software engineering."
Y86E5WF5,discard,medium,Literature review synthesizing GenAI across Agile phases identifies security vulnerabilities and calls for human oversight frameworks — software context but no original governance mechanism; future research direction rather than present contribution.
