item_key,cocite,decision,confidence,rationale,title
FI8VIQKJ,1,keep,high,"Introduces a reproducible benchmark with dataset and novel metrics for evaluating secure code generation, directly operationalizable for org risk assessment",SALLM: security assessment of generated code
23SI35RH,1,discard,medium,"Large survey of usage patterns and preferences for AI coding assistants without a risk, oversight, or quality governance mechanism","Using AI-based coding assistants in practice: state of affairs, perceptions, and ways forward"
VMNUGXFZ,1,keep,high,Live programming tool and user study directly targeting developer validation of AI-generated code suggestions to reduce over/under-reliance,Validating AI-generated code with live programming
NPAQ7SQA,1,discard,medium,"UI/RAG tool for managing conflicting intent specifications and AI memory, not a code risk, quality, or oversight-scaling mechanism",Semantic commit: helping users update intent specifications for AI memory at scale
6ZW9QNQH,1,keep,high,Position paper proposing a formal-verification side-car system to mitigate vibe coding technical debt and security pitfalls,Position: vibe coding needs vibe reasoning: improving vibe coding with formal verification
Q5UQ4MBP,1,keep,high,"Empirical evaluation of LLM-based vulnerability detection performance, an actionable detection signal for security review",Large language model for vulnerability detection: emerging results and future directions
PF595SEQ,1,keep,high,Quantifies insecure code generation rates across four LLMs with CWE-based methodology and prompting/guidance mitigations,"""You still have to study"" -- On the Security of LLM generated code"
2KQ93JHX,1,keep,high,"Large-scale empirical measurement of package hallucination rates with mitigation strategies, directly actionable for supply-chain risk",We have a package for you: a comprehensive analysis of package hallucinations by code generating LLMs
DKN3R3PX,1,keep,high,"New benchmark and rigorous evaluation exposing overestimated vulnerability-detection performance of code LMs, informing detection reliability",Vulnerability detection with code language models: How Far Are We?
GWPKZS68,1,keep,high,"Systematic grey literature review of vibe coding QA practices and quality perceptions, core to the domain anchor","Vibe Coding in Practice: Motivations, Challenges, and a Future Outlook – a Grey Literature Review"
8K64UMFW,1,keep,medium,"Method for calibrated probabilistic estimation of generated program correctness offers a trust-calibration signal, though not framed around organizational governance",Toward Trustworthy Neural Program Synthesis
S44NI54N,1,discard,high,Field experiment on AI's effect on general team collaboration and performance at P&G with no software-specific risk or oversight angle,The Cybernetic Teammate: A Field Experiment on Generative AI Reshaping Teamwork and Expertise
WHP43VQK,1,keep,high,Proposes a systematic black-box method for discovering security vulnerabilities in code generation models like Copilot,Systematically finding security vulnerabilities in black-box code generation models
REZGA5WF,1,keep,high,"Causal empirical study quantifying how Cursor adoption raises velocity but increases complexity and static-analysis warnings, a quality-assurance bottleneck finding",Speed at the cost of quality: how cursor AI increases short-term velocity and long-term complexity in open-source projects
CNN7GGG2,1,keep,high,Realistic benchmark evaluating secure coding capability of code agents against human-introduced vulnerability scenarios,Secure Vibe Bench: evaluating secure coding capabilities of code agents with realistic vulnerability scenarios
B8DJBDXS,1,keep,high,Benchmark evaluating secure code completion by code agents across real-world repositories and CWE categories,SecRepoBench: Benchmarking Code Agents for Secure Code Completion in Real-World Repositories
59ZW4R58,1,keep,medium,"Proposes a governance framework (VIBE4M) for vibe coding maintenance risks, though the paper is largely a position/review piece",The gotchas of AI coding and vibe coding. It’s all about support and maintenance
3ZVMBGPB,1,keep,high,Vision paper for agentic code review addressing reviewer bottleneck from AI code volume with human-controlled quality gates,Rethinking code review in the age of AI: a vision for agentic code review
TF56EPIP,1,keep,high,"Proposes SAFE-AI governance framework and autonomy taxonomy directly addressing safety, oversight, and regulatory alignment for AI code agents",Rethinking autonomy: preventing failures in AI-driven software engineering
7ZMU5AIF,1,keep,medium,Human oversight and verification-trace design study for agentic AI is domain-general (computer-use agents) but its oversight mechanism plausibly transfers to code review verification,Overseeing Agents Without Constant Oversight: Challenges and Opportunities
CIP9FBM3,1,maybe,medium,"Large-scale MCP server security/maintainability study with governance recommendations, but targets AI-agent tool infrastructure rather than AI-generated code oversight directly",Model Context Protocol (MCP) at First Glance: Studying the Security and Maintainability of MCP Servers
RRTIRFGV,1,discard,medium,General-purpose LLM+CPG vulnerability detection technique with no tie to AI-generated code risk or oversight scaling context,LLMxCPG: context-aware vulnerability detection through code property graph-guided large language models
QNHBEIHD,1,keep,high,"Empirical vulnerability quantification of 2,500 GPT-4 generated PHP sites with reproducible hybrid-scanning methodology",LLMs in web development: evaluating LLM-generated PHP code unveiling vulnerabilities and limitations
N5X8N7C7,1,keep,medium,Proposes concrete autonomy-level framework and certification mechanism for agent oversight that transfers to coding-agent governance,Levels of Autonomy for AI agents
VVPBC4X8,1,keep,high,Introduces CodeSecEval benchmark quantifying LLM code generation vulnerabilities across 44 types plus mitigation strategies,Is Your AI-Generated Code Really Safe? Evaluating Large Language Models on Secure Code Generation with CodeSecEval
Y9G3DA92,1,maybe,medium,Quantifies Copilot-generated code quality decline via rework metric but frames findings mainly as productivity comparison rather than governance,Is GitHub copilot a substitute for human pair-programming? An empirical study
8BPD8FHF,1,discard,high,Physical exoskeleton control optimization study with no software engineering or code oversight relevance,Human-in-the-loop optimization of exoskeleton assistance during walking
N3EQJ6KP,1,keep,high,Empirical evaluation of ChatGPT-generated code security with reproducible experimental methodology and mitigation prompting,How secure is code generated by ChatGPT?
E9RAWBDT,1,keep,high,Foundational grounded-theory study of vibe coding practice surfacing concrete risks like code review burden and trust regulation,"Good vibrations? A qualitative study of Co-creation, communication, flow, and trust in vibe coding"
KF5MGIBI,1,keep,high,Fine-tuned LLM tool directly improving automated code review accuracy and comprehensibility for human reviewers,Fine-Tuning Large Language Models to Improve Accuracy and Comprehensibility of Automated Code Review
K5IAE4E7,1,keep,high,Empirically derived PICSE trust framework for AI-assisted software tools directly addresses developer trust calibration,Facilitating Trust in AI-assisted Software Tools
2RW2259S,1,keep,high,Comparative empirical benchmarking of code quality metrics across three AI code generation tools with reproducible methodology,"Evaluating the code quality of AI-assisted code generation tools: an empirical study on GitHub copilot, amazon CodeWhisperer, and ChatGPT"
5DCQDB4C,1,keep,medium,Signal detection theory framework for human oversight error detection explicitly generalizable to reviewing AI code outputs,Effective human oversight of AI-based systems: a signal detection perspective on the detection of inaccurate and unfair outputs
PWT5XJCC,1,discard,medium,Dataset paper cataloging developer-ChatGPT conversations without itself presenting an actionable governance or oversight mechanism,DevGPT: studying developer-ChatGPT conversations
SGRVP3HW,1,keep,medium,Novel bias testing framework quantifies fairness risk in LLM-generated code and validates a concrete mitigation strategy,Bias Testing and Mitigation in LLM-based Code Generation
KPGJPZT7,1,keep,medium,Systematic review of automation bias mediators and mitigators explicitly generalizes to over-reliance risks in AI-assisted code review,"Automation bias: a systematic review of frequency, effect mediators, and mitigators"
4936AWDW,1,keep,high,Pre-trained CodeReviewer model directly automates code review tasks including change quality estimation and comment generation,Automating code review activities by large-scale pre-training
FZK2QB5A,1,keep,medium,"Proposes Assured LLMSE generate-and-test framework with verifiable guarantees and human-reviewer role, though presented as a brief keynote outline",Assured offline LLM-based software engineering
VP7TS6CX,1,keep,high,Empirical evaluation of LLMs versus static analysis tools for security code review with measured performance factors,"An insight into security code review with LLMs: capabilities, obstacles, and influential factors"
F2C2DWSI,1,keep,high,Empirical OSS study quantifying increased rework and technical debt burden on experienced developers after Copilot adoption,AI-Assisted Programming Decreases the Productivity of Experienced Developers by Increasing the Technical Debt and Maintenance Burden
2CDVZKPT,1,keep,high,"Empirically quantifies APR system susceptibility to adversarial inputs and effectiveness of pre/post-repair defenses including human oversight, directly informing risk mitigation for AI-generated code fixes",Adversarial Bug Reports as a Security Risk in Language Model-Based Automated Program Repair
TRK43C3W,1,keep,low,Proposes adversarial attack classification and robustness testing for code LLMs but the abstract is truncated with no quantified results or clear operational mechanism,Adversarial attack classification and robustness testing for large language models for code
B8U9JING,1,discard,high,"Predicts reviewer assignment and patch acceptance for human-authored code with no AI-generation or AI-volume angle, a pure process-improvement study",Improving code review by predicting reviewers and acceptance of patches
KCVDBRDI,1,keep,high,"Combines LLMs with formal verification for automated vulnerability detection/repair with quantified accuracy across 50,000 programs, directly operationalizable for CI/CD quality assurance",A new era in software security: towards self-healing software via large language models and formal verification
JQPPKSFQ,1,keep,high,"Empirically characterizes auto-merged agentic PRs versus human-authored ones, directly informing repository policy on when review can safely be skipped for AI-generated code","Artifact for ""LGTM! Characteristics of Auto-Merged LLM-based Agentic PRs"""
JCTP8VXP,1,keep,high,"Introduces an active-rules mechanism that enforces and evolves human-agent alignment rules during vibe coding, a directly adoptable governance mechanism",ZORO: active rules for reliable vibe coding
4HHPJ4R4,1,keep,medium,General human-automation trust and self-correction study whose automation-bias and trust-calibration findings plausibly transfer to AI code review oversight though not code-specific,"The uncertain advisor: trust, accuracy, and self-correction in an automated decision support system"
KNJE9E4M,1,discard,high,"Presents a generic code-fixing transformer tool with no risk quantification, governance, or oversight framing",TFix: Learning to Fix Coding Errors with a Text-to-Text Transformer
B7IPCH77,1,discard,high,"Benchmarks an autonomous coding agent's task-solving interface with no human oversight, governance, or control mechanism discussed",SWE-agent: agent-computer interfaces enable automated software engineering
ARFXDZBW,1,discard,low,Thin abstract describing a broad research agenda for AI-enabled software architecture with no specific operationalizable governance or oversight mechanism,Software architecture in the age of agentic AI
4TUNZ7FU,1,keep,high,"Proposes four concrete interaction dimensions (alignment, verifiability, steerability, adaptability) for human oversight of coding agents, a directly operationalizable framework",Position: Humans are Missing from AI Coding Agent Research
FZ2HMDXT,1,maybe,medium,Surveys trust-evaluation methodologies for general AI-assisted decision-making that are plausibly adoptable for AI code trust evaluation but the abstract gives no software-specific application,How to Evaluate Trust in AI-Assisted Decision Making? A Survey of Empirical Methodologies
EQPDVDTD,1,keep,medium,Quantifies LLM-based vulnerability detection performance gains with a reproducible graph and in-context-learning methodology usable as a detection signal in code review pipelines,GRACE: Empowering LLM-based software vulnerability detection with graph structure and in-context learning
856D2923,1,keep,low,Title indicates direct relevance to governing AI-generated code in production but no abstract content is available to confirm operationalizability,From vibe to production: taming AI for fearless development
XAZKF497,1,keep,medium,"Case study identifies specific LLM code-generation failure modes and mitigation strategies requiring manual oversight, an operationalizable lesson though single-project generalizability is unclear",Experiences and Challenges in AI-Driven Modular Software Development Using Large Language Models for Code Generation
PA77DC8U,1,keep,high,Canonical automation-bias and signal-detection study explicitly transferable as a mechanism for AI code review oversight,Does automation bias decision-making?
WWBUQM7V,1,keep,high,Interview study directly on developer trust and oversight practices for ChatGPT-generated code with proposed reliability-enhancing solutions,Developers' perspective on trustworthiness of code generated by ChatGPT: insights from interviews
9HKDMT9M,1,keep,high,"Survey and interviews on GenAI code licensing and copyright with recommendations for regulators, directly code-specific legal-liability content",Developer Perspectives on Licensing and Copyright Issues Arising from Generative AI for Software Development
22FEMTD7,1,keep,medium,"Quantifies LLM-based vulnerability identification, discovery, and patching accuracy via a reproducible chain-of-thought methodology, an operationalizable detection and repair signal for code risk",Chain-of-Thought Prompting of Large Language Models for Discovering and Fixing Software Vulnerabilities
MI2Q4QIG,1,discard,medium,Generic signal detection theory statistics methodology paper with no software or AI-code connection to anchor operationalizability,Calculation of signal detection theory measures
5XJRXBDE,1,discard,high,"Pure LM capability benchmark for resolving GitHub issues with no governance, risk, or oversight mechanism",SWE-bench: CAN LANGUAGE MODELS RESOLVE REAL-WORLD GITHUB ISSUES?
AGE4E2VK,1,discard,high,Vision paper is a general MCR code-understanding taxonomy with no AI-generation volume or oversight angle,Help Me to Understand this Commit! - A Vision for Contextualized Code reviews
FWTGMK4D,1,maybe,medium,"Benchmarks LLMs as vulnerability detectors with reproducible accuracy metrics, but evaluates detection capability rather than AI-generated code risk or oversight directly, so transferability requires argument",From large to mammoth: a comparative evaluation of large language models in zero-shot vulnerability detection
4X5FD7NF,1,discard,high,"Functional-correctness benchmark for code generation with no risk, governance, or oversight dimension",CoderEval: a benchmark of pragmatic code generation with generative pre-trained models
CND5HNTA,1,discard,low,"Abstract offers only generic industrial 'hints' for GAI development with no discernible risk, governance, or oversight mechanism, though thinness leaves this uncertain",Hints for generative AI software development
GUR6XUU2,2,keep,high,"Empirically quantifies how data poisoning induces AI code generators to emit vulnerable code and offers mitigation insight, directly actionable for AI code risk management",Vulnerabilities in AI Code Generators: Exploring Targeted Data Poisoning Attacks
UTTJ5N93,2,keep,medium,"Experimentally validated cognitive-forcing interventions reduce AI overreliance, a mechanism that plausibly transfers to reviewers rubber-stamping AI-generated code though the study itself is domain-general",To Trust or to Think: Cognitive Forcing Functions Can Reduce Overreliance on AI in AI-assisted Decision-making
F2SZGGRZ,2,keep,high,Empirical study on predicting code review comment locations at scale gives a concrete mechanism for scaling review capacity,Towards automating code review at scale
7FKKZFHN,2,keep,high,Demonstrates covert poisoning attacks on code-suggestion models with explicit practitioner implications for vetting training data used to build such tools,TrojanPuzzle: Covertly Poisoning Code-Suggestion Models
5UTEUK6X,2,maybe,medium,Roadmap for trustworthy AI4SE is governance-relevant but broad and aspirational rather than presenting a concrete measurable mechanism,Trustworthy and Synergistic Artificial Intelligence for Software Engineering: Vision and Roadmaps
QI8246A3,2,keep,high,Large-scale empirical dataset on autonomous coding agent PRs reveals a trust/acceptance gap directly relevant to org-level oversight of AI-generated code at scale,The rise of AI teammates in software engineering (SE) 3.0: how autonomous coding agents are reshaping software engineering
3Z45M3V3,2,keep,high,"Empirically quantifies security weaknesses by CWE category in Copilot-generated code merged into real projects and measures a chat-based mitigation, a reproducible risk-measurement methodology",Security weaknesses of copilot generated code in GitHub
9N82F9NM,2,keep,high,Benchmark platform quantifying security risk and capability of code-generating LLMs across CWE categories gives orgs a reproducible evaluation tool,SecCodePLT: a unified platform for evaluating the security of code GenAI
EQDJ67ZA,2,keep,low,"Lessons on designing and deploying static analysis at massive scale are operationalizable for scaling automated code-quality oversight, though the abstract is too thin to confirm an AI-generation angle",Scaling static analyses at Facebook
VVXZPW48,2,keep,medium,"Quantifies human-effort reduction in peer review via automated static analysis and reviewer recommendation, a concrete mechanism for scaling review capacity even without explicit AI-generated-code framing",Reducing human effort and improving quality in peer code reviews using automatic static analysis and reviewer recommendation
7534QAHG,2,keep,high,Comprehensive benchmark quantifying insecure-code propensity of LLM coding assistants across model families gives a reproducible tool for org risk assessment,Purple Llama CyberSecEval: A Secure Coding Benchmark for Language Models
Z8TPRNEU,2,keep,high,Field study of how professional developers control and retain agency over AI coding agents directly addresses developer oversight strategies for AI-generated code,"Professional Software Developers Don't Vibe, They Control: AI Agent Use for Coding in 2025"
IKZN8E7A,2,keep,high,"Interview study identifies UI mechanisms (confidence highlighting, alternate translations) that aid developer detection and correction of AI-generated code errors",Perfection Not Required? Human-AI Partnerships in Code Translation
XKPSVE7I,2,keep,high,Empirical analysis of developer reactions to ChatGPT code review comments yields actionable insight for improving LLM-assisted code review effectiveness,On the use of ChatGPT for code review: do developers like reviews by ChatGPT?
7XJIQ2CN,2,keep,high,"Industry interview study yields the PICSE framework for trust in software tools including AI-based ones, an actionable governance/trust framework",Make your tools sparkle with trust: the PICSE framework for trust in software tools
9ASU27HM,2,keep,medium,"Provides a hallucination taxonomy and RAG-based mitigation mechanism for LLM code generation, an actionable risk-reduction technique though its org-governance framing requires some inference","LLM hallucinations in practical code generation: phenomena, mechanism, and mitigation"
ZRQWTMGM,2,keep,high,"Delivers a reproducible bug-detection technique validated specifically on AI-generated plausible programs, giving orgs a concrete QA mechanism for AI-code defects",LLM-powered test case generation for detecting tricky bugs
VRRK8IVN,2,keep,medium,"Presents an LLM-based code review automation framework that could scale reviewer throughput, though it lacks explicit framing around AI-generated code volume",LLaMA-reviewer: advancing code review automation with large language models through parameter-efficient fine-tuning
JM6UWUZ9,2,discard,high,Generic line-level vulnerability prediction model with no connection to AI-generated code or LLM code generation,LineVul: a transformer-based line-level vulnerability prediction
MSF59BDP,2,keep,high,Directly operationalizes human oversight of AI-generated code via in-situ explanations that accelerate developer inspection of generated code,Ivie: lightweight anchored explanations of just-generated code
MCXIHB8I,2,keep,high,"Empirically examines and models developer trust calibration for AI code generation tools, matching the Tier1 oversight/trust criterion directly",“It would work for me too”: how online communities shape software developers’ trust in AI-powered code generation tools
N6436VDK,2,keep,high,"Empirical, reproducible comparison quantifying vulnerability introduction rates of Copilot versus human developers",Is GitHub’s copilot as bad as humans at introducing vulnerabilities in code?
NUNE3V8D,2,maybe,medium,"Provides an interactive oversight/steering mechanism for multi-agent AI systems, but the abstract does not confirm the agents are coding agents, so transferability to code review requires argument",Interactive debugging and steering of multi-agent AI systems
QF6IR6BU,2,keep,high,"Empirically validated interactive task-decomposition mechanism for steering and verifying AI-generated code, directly matching the developer-oversight-of-LLM-code criterion",Improving steering and verification in AI-assisted data analysis with interactive task decomposition
B695M96Q,2,keep,medium,"Proposes an LLM-based automated code evaluation metric correlated with human judgment, an operationalizable quality signal though not explicitly framed around org governance",ICE-score: instructing large language models to evaluate code
S84X892J,2,keep,high,Large-scale empirical study quantifying vulnerability rates across nine LLMs via reproducible formal-verification methodology with an explicit risk-assessment recommendation,How secure is AI-generated code: a large-scale comparison of large language models
PTINC7IM,2,keep,high,Empirical comparison quantifying Copilot's correctness and bug rates against human-written solutions on algorithmic tasks,GitHub copilot AI pair programmer: asset or liability?
3XUSIZP5,2,keep,medium,"Forward-looking roadmap for LLM-as-judge frameworks to scalably evaluate LLM-generated software artifacts, operationalizable as adoption guidance though still largely visionary",From code to courtroom: LLMs as the new software judges
MMA7FI98,2,keep,high,"Provides an automated LLM-based semantic correctness evaluation framework for generated code, directly usable as a scalable quality-assessment mechanism",CodeJudge: evaluating code generation with large language models
J8I5SWTJ,2,keep,medium,"Introduces a taxonomy and dynamic detection algorithm for code hallucinations with a benchmark, an actionable detection mechanism though centered on model behavior rather than org process",CodeHalu: code hallucinations in LLMs driven by execution-based verification
Z7F7F7UP,2,keep,high,"Introduces an in-context-learning secure-generation framework plus multi-language security evaluation, directly addressing AI code risk with an actionable mitigation approach","Can we trust large language models generated code? A framework for In-context learning, security patterns, and code evaluations across diverse LLMs"
J7VI4R7I,2,keep,high,"Quantifies API misuse rate (62% for GPT-4) in LLM-generated code via a reproducible benchmark dataset, an operationalizable defect measurement",Can LLM replace stack overflow? A study on robustness and reliability of large language model code generation
V4IRKSFI,2,keep,high,"Describes an industrial-scale automated code review system with reproducible precision/outdated-rate metrics, deployed to 12,000 weekly active users",BitsAI-CR: automated code review via LLM in practice
MEV4HPVU,2,keep,medium,"Provides a fairness framework that automatically generates test cases to quantify and mitigate social bias in AI-generated code, an actionable but narrower risk-measurement mechanism",Bias unveiled: investigating social bias in LLM-generated code
PR4GS7SP,2,keep,high,"Fully automated, human-correlated correctness verification method for AI-generated code requiring no human intervention, a directly operationalizable QA mechanism",Automating the correctness assessment of AI-generated code for security contexts
MPP2484V,2,keep,high,"Multi-agent framework quantifies a 13% vulnerability reduction via static analysis and fuzzing, giving orgs a concrete security-hardening mechanism for AI code generation",AutoSafeCoder: a multi-agent framework for securing LLM code generation through static analysis and fuzz testing
X7IMHFPC,2,discard,medium,"Study evaluates UI/interaction design trade-offs for proactive AI coding agents rather than providing a governance, risk, or oversight mechanism",Assistance or disruption? Exploring and evaluating the design and trade-offs of proactive AI programming support
QBCGMXQW,2,keep,high,"Reproducible experimental methodology quantifies Copilot code validity and correctness rates, directly usable as an org-level quality benchmark",Assessing the quality of GitHub copilot’s code generation
T425MFHF,2,discard,medium,Perception/usefulness study of LLMs in a student SE course lacks a governance or risk-oversight mechanism despite touching on human intervention levels,An empirical study on usage and perceptions of LLMs in a software engineering project
T5F9UDQZ,2,keep,high,"Describes a deployable AI-enhanced code review plugin that identifies and proposes fixes for syntax/semantic issues, operationalizing review augmentation",AICodeReview: advancing code quality with AI-enhanced reviews
CKKGWMRH,4,keep,high,"Taxonomy explicitly covers safety mechanisms and feedback loops distinguishing vibe coding from agentic coding, directly on the domain anchor",Vibe coding vs. Agentic coding: fundamentals and practical implications of agentic AI
5WHS4UEW,3,keep,medium,"Foundational trust-in-automation model is explicitly generalizable to trust calibration for AI-generated code oversight, though it requires domain translation",Trust in automation: designing for appropriate reliance
CU8CJMHG,3,keep,high,"Trained deep learning models automate contributor and reviewer code review tasks with quantified success rates, directly operationalizing review automation",Towards automating code review activities
JKIE8QZD,1,keep,high,Security-driven user study quantifies the rate of critical security bugs introduced with LLM coding assistance using a reproducible methodology,Security implications of large language model code assistants: a user study
CS438VQ2,3,keep,high,"Provides a reusable vulnerability benchmark dataset mapped to CWE for evaluating security of code generation models, a concrete measurement tool",SecurityEval dataset: mining vulnerability examples to evaluate machine learning-based code generation techniques
GSEP7MAN,4,keep,high,"Systematically quantifies ChatGPT code correctness, bug patterns, and maintainability issues with a mitigation roadmap, fully operationalizable",Refining ChatGPT-generated code: characterizing and mitigating code quality issues
Z92JTT7T,4,discard,medium,Landmark code review case study addresses reviewer practices and satisfaction at scale but has no AI-generated code or oversight-scaling angle,Modern code review: a case study at Google
GSAWSZ3S,3,keep,high,"SVEN method quantifiably controls secure vs unsafe code generation, providing a concrete security-hardening mechanism for LLM code",Large language models for code: security hardening and adversarial testing
NZGCKNZN,3,maybe,medium,"Usability study finds developers struggle to understand, edit, and debug Copilot output, which is oversight-relevant but framed as productivity/UX rather than governance",Expectation vs. Experience: evaluating the usability of code generation tools powered by large language models
RBQUEIJH,3,keep,medium,"Systematically characterizes bias types in LLM-as-judge code evaluators, a risk signal directly relevant to orgs relying on automated code review tools",Don't judge code by its cover: exploring biases in LLM judges for code evaluation
ING3D89M,3,keep,medium,Integrated model of automation complacency and bias is a named transferable mechanism for human oversight of automated/AI systems including code review,Complacency and bias in human use of automation: an attentional integration
ZT4VSP8T,3,keep,high,"Retrieval-based tool measurably improves code review comment recommendation accuracy and speed, directly operationalizing reviewer efficiency","CommentFinder: a simpler, faster, more accurate code review comments recommendation"
E3RQIM7H,3,keep,high,"Pre-trained model benchmarked on code change quality estimation, review comment generation, and code refinement operationalizes review automation",CodeReviewer: pre-training for automating code review activities
6C9ASD4N,3,keep,high,"Empirically derived taxonomy of 10 LLM-generated code bug patterns, validated by practitioner survey, gives orgs a concrete quality assurance signal",Bugs in large language models generated code: an empirical study
IM6DJDEE,3,keep,high,"Proposes concrete org-level human-agent oversight artifacts (Merge-Readiness Packs, Consultation Request Packs) for managing agentic AI code at scale",Agentic software engineering: foundational pillars and a research roadmap
ATIQI9AZ,4,discard,medium,"Survey on developer usability/adoption of Copilot lacks a governance, oversight, or risk-management mechanism beyond usability friction",A large-scale survey on the usability of AI programming assistants: successes and challenges
QTSSHQJS,5,keep,medium,"EvalPlus provides a reproducible, adoptable test-augmentation methodology for rigorously measuring LLM code correctness that orgs could use as a quality gate",Is your code generated by ChatGPT really correct? Rigorous evaluation of large language models for code generation
UNNMPV8R,20,discard,high,"Codex capability/benchmark paper with only brief broader-impacts mention of safety/security, no organizational governance angle",Evaluating large language models trained on code
QH33S72D,6,keep,high,Directly investigates developer trust calibration and designs control/quality-indicator mechanisms for AI code generation tools,Investigating and designing for trust in AI-powered code generation tools
KB46MNDT,7,discard,medium,Grounded theory of interaction modes (acceleration/exploration) is descriptive UX research without an oversight or risk mechanism,Grounded copilot: how programmers interact with code-generating models
WJCVBW54,1,keep,medium,"Workshop roadmap explicitly identifies governance, data quality, and responsible-integration pain points for GenAI in agile SE, yielding actionable research directions",AI and agile software development: a research roadmap from the XP2025 workshop
PK3MHVVN,1,keep,high,"Quantifies data/model poisoning attack efficacy against neural code autocompleters with reproducible methodology, a concrete AI code security risk",You autocomplete me: poisoning vulnerabilities in neural code completion
5AVZQCVU,1,keep,medium,"Technical governance framework explicitly covers code execution as an agentic risk source with mapped controls, transferable to org-level AI coding agent governance",With great capabilities come great responsibilities: introducing the agentic risk & capability framework for governing agentic AI systems
NZJST99D,1,keep,high,"Large-scale empirical study quantifies agentic PR merge/rejection patterns, directly operationalizable for scaling review of AI-authored code",Where do AI coding agents fail? An empirical study of failed agentic pull requests in GitHub
XK3P9C96,1,keep,medium,Decision-theoretic model for confirmation-point placement in multi-step agentic tasks is a scalable human-oversight mechanism transferable to AI coding agent review,When should users check? Modeling confirmation frequency in multi-step agentic AI tasks
I2JHP2ZV,1,keep,medium,Trust/adoption model identifies quality and risk-tolerance factors with IPMA-derived actionable design targets for developer oversight of genAI code tools,What needs attention? Prioritizing drivers of developers' trust and adoption of generative AI
XWXKPRWK,1,keep,high,"Proposes adopting specific modern code-review practices (multi-reviewer, checklists) to evaluate automated patch correctness, directly operationalizable for review scaling",What can program repair learn from code review?
23VX8J4R,1,keep,high,"Benchmark quantifies LLM vulnerability detection/patching performance on real-world code with reproducible methodology, informing risk of relying on LLMs for SVD/SVP",VulnLLMEval: a framework for evaluating large language models in software vulnerability detection and patching
8D7PUQDA,1,keep,medium,AI-SEAL taxonomy classifies AI applications in software systems by automation level for org-level risk analysis and strategy,Ways of applying artificial intelligence in software engineering
7KUUA2DZ,1,keep,high,WaitGPT provides an interactive verification mechanism giving users step-by-step control and error detection over LLM-generated code,WaitGPT: monitoring and steering conversational LLM agent in data analysis with on-the-fly code visualization
2ETU3JB3,1,keep,high,"Quantifies LLM-generated code weaknesses via fuzzing and CWE taxonomy in an embedded systems context, reproducible risk measurement",Weaknesses in LLM-generated code for embedded systems networking
HNBWA73B,1,keep,high,"Benchmark quantifies LLM vulnerability detection accuracy across tasks with reproducible methodology, informing limits of automated auxiliary use",VulDetectBench: evaluating the deep capability of vulnerability detection with large language models
S7FPFUT8,1,maybe,medium,"Visibility measures (identifiers, monitoring, logging) are plausibly transferable to AI coding agent oversight but the paper's scope is general AI agents, not software engineering specifically",Visibility into AI agents
75GIGXIA,1,keep,medium,"ML classifier for triaging code fragments needing manual review directly addresses reviewer workload/prioritization, generalizable to scaling AI-code review",Using machine learning to identify code fragments for manual review
9SAMS93D,1,discard,medium,"Catalogs user misconceptions about LLM assistant capabilities descriptively, without a measurement, detection, or governance mechanism",User misconceptions of LLM-based conversational programming assistants
8FUS6BKG,1,keep,high,Directly examines developer oversight/trust-checking behavior toward AI-generated code with actionable recommendations for practitioners,Using AI assistants in software development: a qualitative study on security practices and concerns
5NZ2EDEK,1,keep,high,Industrial study quantifying limits of automated evaluation for AI code-review bots directly informs governance of review-scaling tools,Understanding the limits of automated evaluation for code review bots in practice
EBH243S9,1,discard,medium,"Quantifies social bias in generated code but offers no governance, review, or oversight mechanism for managing AI code risk at the org level",Uncovering and quantifying social biases in code generation
IF7UDIU9,1,keep,medium,"Position paper on trust calibration and safeguards for AI refactoring with concrete industry action-research plan, though still forward-looking",Trust calibration in IDEs: paving the way for widespread adoption of AI refactoring
2PUXWUZF,1,keep,high,Ethnographic case study identifying concrete organizational and process factors shaping engineer trust in an autonomous SE tool,Trust in collaborative automation in high stakes software engineering work: a case study at NASA
MZ2HINXU,1,keep,high,"Empirical study extracting validated guidelines for calibrating developer trust in AI code suggestions, directly operationalizable","Trust dynamics in AI-assisted development: definitions, factors, and implications"
PM36K4A9,1,discard,medium,"Primarily quantifies Copilot productivity/efficiency gains without a governance, oversight, or risk-management mechanism",Transforming software development: evaluating the efficiency and challenges of GitHub copilot in real-world projects
KICGZGPV,1,keep,medium,"Quantifies data-extraction/memorization risk in code LLMs with reproducible methodology, relevant to org legal/security risk assessment of AI code tools",Traces of memorisation in large language models for code
6NZXJCST,1,keep,medium,"Introduces a detectable proxy (comment-free reviews) for superficial code review, directly transferable to scaling oversight of AI-generated changes",Towards unmasking LGTM smells in code reviews: a comparative study of comment-free and commented reviews
7JP7CHWE,1,discard,medium,Focuses on pair-programming productivity/knowledge-transfer trade-offs of human-agent substitution rather than code risk oversight or governance,"Trade-offs for substituting a human with an agent in a pair programming context: the good, the bad, and the ugly"
BBNUA4XW,1,keep,medium,Proposes a concrete data-centric auditing framework linking training data quality to model trustworthiness for org-level adoption decisions,Towards trustworthy LLMs for code: a data-centric synergistic auditing framework
WPUDNE7B,1,discard,medium,"Describes a model-architecture/tool-capability vision (constrained decoding, knowledge graph) without an organizational governance or oversight process",Towards trustworthy AI software development assistance
WZSA9VGX,1,discard,medium,"Technical OOD-detection method for SE ML models generally, with no organizational governance or AI-code-oversight framing",Towards more trustworthy deep code models by enabling out-of-distribution detection
7CNS8N9X,1,keep,high,"Provides a concrete, quantified formal-verification mechanism for checking LLM-generated code against intent, directly operationalizable",Towards formal verification of LLM-generated code from natural language prompts
7MNEJBD4,1,maybe,medium,Proposes an assurance/compliance framework tied to EU AI Act and adversarial robustness but does not clearly anchor to software/code-specific engineering contexts,Towards assuring EU AI act compliance and adversarial robustness of LLMs
JSRBRWIZ,1,keep,high,Identifies and quantifies a concrete risk pattern (GenAI-induced technical debt admissions) directly actionable as a detection signal for AI code oversight,"""TODO: fix the mess gemini created"": towards understanding GenAI-induced self-admitted technical debt"
CJ78UHQ2,1,keep,medium,Validated trust-in-automation questionnaire is a generalizable measurement instrument transferable to developer trust in AI code assistants,Theoretical considerations and development of a questionnaire to measure trust in automation
H4NWPBAV,1,maybe,medium,Reliance-intervention findings on generic reasoning/estimation tasks are plausibly transferable to code-suggestion reliance but require domain argument,To rely or not to rely? Evaluating interventions for appropriate reliance on large language models
936KKG88,1,discard,high,Studies algorithm-in-the-loop decisions in pretrial/financial-lending domains with no structural connection to software code review,The principles and limits of algorithm-in-the-loop decision making
FW6PPDAC,1,keep,medium,Argues modularity as an operationalizable quality criterion for evaluating maintainability of AI-generated code beyond test-based accuracy,The modular imperative: rethinking LLMs for maintainable software
4J4VK52E,1,keep,high,Empirical survey quantifies how AI code quality degrades with problem complexity and points to problem decomposition as an actionable organizational mitigation,The impact of AI-generated solutions on software architecture and productivity: results from a survey study
U28SBWRD,1,keep,high,"Provides reproducible intrinsic metrics (perplexity) as a proxy signal for hallucination/correctness risk across languages and models, directly usable for risk triage",The fools are certain; the wise are doubtful: exploring LLM confidence in code completion
NIXXPQMA,1,keep,high,"Documents a shift toward review-heavy developer workload under AI code generation, directly informing oversight capacity planning",Taking flight with copilot
89RPGV3W,1,keep,high,Gray literature review synthesizes practitioner challenges and proposed solutions for code review specifically in the generative AI era,Tales from the trenches: expectations and challenges from practice for code review in the generative AI era
4GUASQUC,1,discard,high,Industrial case study on automated acceptance test generation is a productivity/tooling paper with no code-risk or oversight-governance angle,Streamlining acceptance test generation for mobile applications through large language models: an industrial case study
2AN9W759,1,keep,high,"Reviewer agent produces confidence signals on patches, an explicit trust-calibration mechanism for developer oversight of AI-generated fixes",SpecRover: code intent extraction via LLMs
CTGGMIX9,1,keep,high,"Deployed industrial framework grounds LLM code review in specifications with measured developer adoption, directly operationalizable",SGCR: a specification-grounded framework for trustworthy LLM code review
ZG8IURI3,1,discard,medium,"Describes automated end-to-end repair deployed at scale but reports no oversight, review-gate, or governance mechanism, reading as an automation capability paper",SapFix: automated end-to-end repair at scale
DJ3BTG3I,1,keep,medium,"Proposes multi-dimensional metrics for test-suite thoroughness as a reproducible quality-detection method, though framed mainly for RL training rather than org governance",Rethinking verification for LLM code generation: from generation to testing
M9MM4RFU,1,discard,high,"Curated catalogue of FMware challenges is descriptive with only envisioned future directions, no concrete measurement or mechanism",Rethinking software engineering in the era of foundation models: a curated catalogue of challenges in the development of trustworthy FMware
M2WWTNR8,1,keep,high,"Introduces FMArts, a deployed end-to-end platform for engineering trustworthy FMware, an operationalizable governance framework",Rethinking software engineering in the foundation model era: a curated catalogue of challenges in the development of trustworthy FMware
54SD2PSQ,1,keep,high,ML system resolving code review comments at Google directly addresses reviewer workload/throughput with quantified time savings,Resolving code review comments with machine learning
U5N2DH9G,1,keep,high,"Autonomous auditing agent detects real bugs at reported precision and cost, an operationalizable detection mechanism for code review at scale",RepoAudit: an autonomous LLM-agent for repository-level code auditing
KA9R89NX,1,discard,medium,"Taxonomy of programmer-Copilot interactions is a productivity/UX study without a risk, oversight, or governance mechanism",Reading between the lines: modeling user behavior and costs in AI-assisted programming
7M35NQTK,1,keep,high,"Quantifies ChatGPT-generated code quality and security issues and measures how much developers modify code before merging, reproducible methodology",Quality assessment of ChatGPT generated code and their use by developers
TS33UPQN,1,maybe,medium,"Representations aid user verification and agency during conversational programming, a plausible trust-calibration mechanism but primarily a usability study not framed as governance",PwR: exploring the role of representations in conversational programming
PCBDDDKZ,1,discard,medium,Proposes a lifecycle methodology for engineering prompts themselves rather than a mechanism for governing or overseeing AI-generated code output,Promptware engineering: software engineering for prompt-enabled systems
4KFWN6EU,1,keep,high,Quantifies reduction in security vulnerabilities via prompt optimization with reproducible experiments across languages and models,PromSec: prompt optimization for secure generation of functional source code with large language models (LLMs)
NSWZUQV2,1,keep,high,"Large-scale behavioral study reveals how developers delegate, verify, and constrain AI autonomy in real IDE sessions, directly informing oversight practice","Programming by chat: a large-scale behavioral analysis of 11,579 real-world AI-assisted IDE sessions"
87HHABFC,1,keep,high,Systematically quantifies reduction in code security weaknesses across prompting techniques and LLMs with reproducible methodology,Prompting techniques for secure code generation: a systematic investigation
7IRGFBAZ,1,discard,medium,Conceptual position paper defining a cognitive-comprehension threshold for general AI oversight with no software/code focus and no concrete measurement or governance mechanism offered,Position: human-centric AI requires a minimum viable level of human understanding
EAKQKA2V,1,keep,high,Empirically-derived Trustworthy AI framework spanning the full SDLC with actionable guidance validated via industrial case study and 34 practitioner interviews,POLARIS: a framework to guide the development of trustworthy AI systems
76ZR7FSB,1,keep,medium,"Systematic taxonomy of LM4Code pitfalls across data, design, evaluation, and deployment with existing solutions gives orgs an actionable risk classification scheme",Pitfalls in language models for code intelligence: a taxonomy and survey
A8WP2QCH,1,keep,high,Empirical reliability/explainability study of 8 LLMs on program generation with reproducible methodology quantifying overoptimistic evaluation and robustness limits,On the reliability and explainability of language models for program generation
U3NTE9TV,1,keep,high,Empirical robustness study of Copilot quantifying how semantic-preserving prompt changes alter generated code correctness with reproducible methodology,On the robustness of code generation techniques: an empirical study on GitHub copilot
TW4I6DU6,1,keep,medium,"Interdisciplinary human-oversight effectiveness framework explicitly analyzed against EU AI Act Article 14, matching the stated Article 14 keep criterion despite non-software framing",On the quest for effectiveness in human oversight: interdisciplinary perspectives
K69UH656,1,keep,high,Empirical study of LLM-as-judge reliability for code generation/summarization directly informs automated review mechanisms for scaling oversight,On the effectiveness of LLM-as-a-judge for code generation and summarization
JI6A6MSX,1,keep,high,"Introduces a benchmark quantifying API hallucination rates by frequency and a mitigation method (DAG), giving a measurable detection/mitigation mechanism",On mitigating code LLM hallucinations with API documentation
59KP8GTP,1,keep,high,"Empirical study of AI-co-authored PR review practices in OSS directly addresses review throughput, guideline gaps, and oversight scaling for AI-generated code",On autopilot? An empirical study of human-AI teaming and review practices in open source
XAUTBGAT,1,discard,medium,"Establishes indirect prompt injection as an attack vector against LLM-integrated apps including code completion but offers no governance response or detection mechanism, only descriptive risk",Not what you've signed up for: compromising real-world LLM-integrated applications with indirect prompt injection
BU73N7PC,1,keep,high,Meta's diff risk score models operationalize risk-based gating of code changes at scale with quantified SEV-capture performance across model types,Moving faster and reducing risk: using LLMs in release deployment
RNDPW7VA,1,keep,medium,Scalable oversight experimental methodology (human+AI vs AI alone) has direct structural parallel to code review oversight scaling despite non-code QA tasks,Measuring progress on scalable oversight for large language models
XBBJPEPN,1,keep,high,"MCTS-based LLM-judge framework for code correctness evaluation is a concrete, quantified detection mechanism usable in automated review pipelines",MCTS-judge: test-time scaling in LLM-as-a-judge for code correctness evaluation
5NR2XWJV,1,discard,high,"Automated refactoring tool paper focused on code generation capability and compilability, with no governance, risk, or oversight angle",MANTRA: enhancing automated method-level refactoring with contextual RAG and multi-agent LLM collaboration
U9VZQXGI,1,keep,high,"Human-in-the-loop agentic system with concrete interaction mechanisms (co-planning, action guards) for overseeing AI agents performing software development tasks",Magentic-UI: towards human-in-the-loop agentic systems
NEWJB4QZ,1,keep,high,SecLLMHolmes benchmark quantifies LLM reliability at identifying security vulnerabilities across 228 code scenarios with reproducible methodology,"LLMs cannot reliably identify and reason about security vulnerabilities (yet?): a comprehensive evaluation, framework, and benchmarks"
P3N48KGQ,1,keep,high,Empirical study quantifies deprecated API usage rates in LLM code completion across libraries and proposes concrete fixing approaches,LLMs meet library evolution: evaluating deprecated API usage in LLM-based code completion
CSC9892Q,1,keep,medium,Survey provides a unified framework and actionable research/practice directions for LLM-based vulnerability detection despite lacking new empirical measurement,LLMs in software security: a survey of vulnerability detection techniques and insights
7ZTHZV6X,1,keep,high,"IRIS combines LLMs with static analysis for whole-repository vulnerability detection, quantified against CodeQL baseline on a validated benchmark",LLM-assisted static analysis for detecting security vulnerabilities
SC2JJK34,1,keep,high,LLMSecGuard is an open-source framework combining static analyzers and LLMs to give developers more secure code with a benchmarking capability,LLM security guard for code
NRVQT89E,1,keep,high,"Trains critic models that outperform human reviewers at catching code bugs, directly operationalizing scaled human oversight of AI-generated code",LLM critics help catch LLM bugs
B758Q4KP,1,discard,medium,"General LLM-based vulnerability detection framework not tied to AI-generated code or org-level governance, reads as a detection-tool capability paper",Let the trial begin: a mock-court approach to vulnerability detection using LLM-based agents
JQN8S47M,1,discard,high,Pure human code review process study on security mindset and checklists with no AI-generated code or oversight-scaling angle,Less is more: supporting developers in vulnerability detection during code review
Z37WZX38,1,keep,high,Quantified benchmark of LLMs vs static analyzers for vulnerability detection with an explicit hybrid-pipeline recommendation orgs can adopt for triage,Large language models versus static code analysis tools: a systematic benchmark for vulnerability detection
RC9RQQSM,1,discard,high,"Descriptive evaluation of code completion model accuracy with no governance, risk, or oversight mechanism",Language models for code completion: a practical evaluation
3VG5KTBQ,1,discard,medium,"Automated repair tool for LLM-generated bugs is a technical fix-generation technique, not an org governance or oversight mechanism",Knowledge-enhanced program repair for data science code
W3TDNHSE,1,keep,high,Line-level defect prediction model gives a concrete risk-prioritization mechanism for scaling commit review triage,"JITLine: a simpler, better, faster, finer-grained just-In-time defect prediction"
63U6SQ46,1,keep,high,Explainable defect-risk bot integrated into CI/CD pipelines that flags risky commits and mitigation plans is directly operationalizable for review triage,JITBot: an explainable just-In-time defect prediction bot
7ZZ845I6,1,keep,medium,Human-AI teaming optimization framework for accept/defer decisions generalizes to code review oversight but requires a transferability argument since the study isn't code-specific,Is the most accurate AI the best teammate? Optimizing AI for teamwork
JCR8MBZD,1,maybe,medium,"Quantifies how often developers overlook AI-generated misinformation which bears on oversight risk, but the study covers Q&A answers rather than code generation workflows",Is stack overflow obsolete? An empirical study of the characteristics of ChatGPT answers to stack overflow questions
SU8SWK9R,1,keep,high,Reproducible scenario-based code-smell measurement method comparing LLM output to reference code directly quantifies AI code quality risk,Investigating the smells of LLM generated code
DWVQAH2C,1,keep,medium,"Proposes explainability feature types for GenAI code tools derived from developer workshops, an actionable design framework though not a strict governance mechanism",Investigating explainability of generative AI for code through scenario-based design
CFMN3KID,1,keep,high,Quantifies readability and complexity metrics comparing AI-generated and human code with reproducible methodology,Investigates the impact of AI-generated code tools on software readability code quality factor
9534PST4,1,discard,medium,"Technique for automating code revision from reviewer comments is a productivity/generation tool, not a risk or oversight mechanism for AI-generated code",Intention is all you need: refining your code from your intention
GVU4Q3VK,1,keep,high,"Security-focused instruction tuning technique measurably reduces vulnerability rates in LLM-generated code, an actionable mitigation for orgs deploying such models",Instruction tuning for secure code generation
7EK8G7I4,1,keep,high,Identifies concrete factors driving developer trust and acceptance of AI code suggestions with design recommendations for oversight tooling,Identifying the factors that influence trust in AI code completion
G4I35RXW,1,keep,high,Large-scale reproducible comparison of AI vs human code defects and vulnerabilities using standard classification schemes,"Human-written vs. AI-generated code: a large-scale study of defects, vulnerabilities, and complexity"
SDTDSKQ2,1,keep,high,Multi-agent framework generating comprehensive automated code review comments directly addresses review throughput and comprehensiveness,Hydra-reviewer: a holistic multi-agent system for automatic code review comment generation
IMMWRWBW,1,keep,medium,Benchmark quantifying LLM vulnerability-detection performance vs deep learning and static tools is operationalizable for tool selection though evaluation-focused rather than governance-focused,How far have we gone in vulnerability detection using large language models
MUBJP95J,1,keep,medium,"Proposes a data-driven approach using LLM perplexity to flag code regions likely to confuse human reviewers, a plausible but not fully validated oversight-scaling signal",How do humans and LLMs process confusing code?
I77K5CXP,1,discard,high,"Presents a taxonomy of developer-AI interaction types and a research agenda without a measurable governance, risk, or oversight mechanism",How developers interact with AI: a taxonomy of human-AI collaboration in software engineering
HB3U5Q85,1,discard,high,Studies novice prompting struggles in an educational context with no organizational oversight or governance angle,How beginning programmers and code LLMs (mis)read each other
UZZ2VKUW,1,keep,high,Large-scale empirical characterization of how agentic PRs differ from human PRs on commit/file/description metrics gives orgs a baseline for triaging agent contributions,How AI coding agents modify code: a large-scale study of GitHub pull requests
N3F6CSST,1,maybe,medium,"GPT-assisted vulnerability detection for smart contracts is operationalizable but targets general contract auditing rather than AI-generated code oversight, so transferability requires argument",GPTScan: detecting logic vulnerabilities in smart contracts by combining GPT with program analysis
J4RVWCM2,1,keep,high,"Benchmarks maintainability metrics/tools against human judgment explicitly motivated by AI-driven code volume growth, giving orgs a validated quality-assessment method",Ghost echoes revealed: benchmarking maintainability metrics and machine learning predictions against human assessments
ZZ68G9HM,1,keep,high,"Empirically measures adoption, review-time impact, and developer override behavior for AI-generated PR descriptions, directly evidencing human oversight practice","Generative AI for pull request descriptions: adoption, impact, and developer interventions"
E5VWND22,1,keep,medium,"Benchmarks generation-based code review automation and introduces a new evaluation metric relevant to scaling review capacity, though it focuses on model comparison rather than organizational workload",Generation-based code review automation: how far are weƒ
AZXI4QI8,1,discard,high,Evaluates LLM-generated PLC control code reliability in a narrow industrial-automation domain with no organizational oversight or governance mechanism,Generating PLC code with universal large language models
ZBF86IJM,1,keep,high,"Mixed-methods study identifies which uncertainty-highlighting technique helps programmers catch AI code-completion errors faster, a directly adoptable oversight mechanism",Generation probabilities are not enough: uncertainty highlighting in AI code completions
K7IIAFNZ,1,discard,medium,"Introduces a commit-quality classifier for Python ML systems motivated by GenAI code volume, but the tool and dataset are not specific to AI-generated code oversight",From code changes to quality gains: an empirical study in python ML systems with PyQu
W4PCVP9E,1,maybe,medium,"Evaluates cybersecurity GRC frameworks for LLM commercialization risk, but the scope is general LLM governance rather than software-development-specific, leaving transferability unresolved","From COBIT to ISO 42001: evaluating cybersecurity frameworks for opportunities, risks, and regulatory compliance in commercializing large language models"
6GAP2CNJ,1,maybe,medium,"Finetunes an LLM for general Java vulnerability detection with strong methodology, but is not tied to AI-generated code oversight so its role in vibe-coding governance requires argument",Finetuning large language models for vulnerability detection
3RPWR2M2,1,keep,high,Benchmark showing agentic coders resolve only 11% of complex feature tasks versus 74% on simpler bug-fix benchmarks gives orgs a concrete risk signal for where AI-generated code needs oversight,FeatureBench: benchmarking agentic coding for complex feature development
A6A7X939,1,keep,high,"Proposes and evaluates a code review recommender balancing reviewer workload, expertise, and turnover risk, directly adoptable for scaling review capacity","Factoring expertise, workload, and turnover into code review recommendation"
XZ4DFQVR,1,keep,medium,"Proposes quantitative trust-calibration models including signal detection theory that the rubric explicitly identifies as generalizing to code review oversight, though the paper itself is domain-general","Extending three existing models to analysis of trust in automation: signal detection, statistical parameter estimation, and model-based control"
MCJSH7KQ,1,keep,high,"Quantifies LLM effectiveness and failure modes for real-world vulnerability repair, directly informing how much human oversight AI-assisted fixes require",Evaluating large language models for real-world vulnerability repair in C/C++ code
Z68S4MXX,1,keep,high,"Empirically evaluates AIGC detectors' ability to flag AI-generated code content, a direct detection mechanism for governance policies distinguishing AI from human code",Evaluating AIGC detectors on code content
3AQCGGT4,1,keep,high,Enterprise case study at Google quantifying agent-based bug-fix success rates provides a real organizational baseline for AI code reliability,Evaluating agent-based program repair at Google
SU3EW79D,1,keep,high,"Introduces vulnerability-constrained decoding that measurably reduces vulnerable code generated during auto-completion, an actionable mitigation mechanism",Efficient avoidance of vulnerabilities in auto-completed smart contract code using vulnerability-constrained decoding
9DEQZITR,1,keep,medium,"Interpretability framework and user study revealing AI code-generation reasoning is misaligned with developer reasoning supports trust-calibration for oversight, though the mechanism is exploratory","Enabling global, human-centered explanations for LLMs:from tokens to interpretable code and test generation"
RI27FZKX,1,keep,high,"Preregistered controlled experiment directly measures whether AI-co-developed code creates downstream maintainability burden for other developers, giving orgs reproducible quality evidence",Echoes of AI: investigating the downstream effects of AI assistants on software maintainability
74GE3TF7,1,keep,high,"Creation-time triage model predicts high-maintenance agent PRs with AUC 0.96, a directly deployable mechanism for scaling reviewer capacity against AI PR volume",Early-stage prediction of review effort in AI-generated pull requests
JZWRWQXC,1,discard,high,"Pure code-generation accuracy benchmark for data science tasks with no governance, risk, or oversight angle",DS-1000: a natural and reliable benchmark for data science code generation
K7TPCPVD,1,maybe,medium,"Empirical measurement of test inclusion in agentic PRs is operationalizable as a review-triage signal, but the paper is explicitly descriptive with no proposed governance mechanism",Do autonomous agents contribute test code? A study of tests in agentic pull requests
3T5ID5WD,1,discard,high,"Generic DL+LLM vulnerability detection framework for source code broadly, with no connection to AI-generated code or org-level governance",DLAP: a deep learning augmented large language model prompting framework for software vulnerability detection
5PGWCBD6,1,discard,medium,Whitebox equivalence-checking method mainly improves LLM code-gen benchmark reliability rather than providing an org-level risk or oversight mechanism,Disproving program equivalence with LLMs
CIR2H9GQ,1,discard,high,Evaluates generic DL-based vulnerability prediction tooling with no tie to AI-generated code or organizational governance,Deep learning based vulnerability detection: are we there yet?
JZ7VA9X5,1,keep,high,Reference-free evaluation framework for automated code review comments directly supports scaling review quality assessment as AI-generated review volume grows,DeepCRCEval: revisiting the evaluation of code review comment generation
ZH6QIU8A,1,keep,high,Directly targets human oversight of AI coding-agent decisions via an explicit decision-tracking and validation mechanism,Decision-oriented programming with aporia
WMJWMS9W,1,keep,medium,"RCT on developer trust and scrutiny practices toward AI-generated code offers workplace-level oversight insight, though findings center on beliefs rather than a concrete mechanism",Dear diary: a randomized controlled trial of generative AI coding tools in the workplace
9H6FWJME,1,keep,high,"Large-scale empirical study quantifies AI-introduced code smells, correctness, and security issues with reproducible static-analysis methodology across 300k+ commits",Debt behind the AI boom: a large-scale empirical study of AI-generated code in the wild
GTZZFXQJ,1,keep,high,Reference-free metric for code review comment quality is directly operationalizable for orgs scaling automated review assessment,CRScore: grounding automated evaluation of code review comments in code claims and smells
NN3ND3CW,1,keep,high,"White-box framework quantitatively predicts correctness of LLM-generated code using internal representations, a reproducible detection signal for QA gating",Correctness assessment of code generated by large language models using internal representations
8X3V5PQ3,1,keep,high,New benchmark and constrained-decoding mitigation jointly quantify and address the security/correctness tradeoff in LLM code generation,Constrained decoding for secure code generation
RQJFK6KC,1,keep,high,Empirical study of AGENTS.md adoption across 466 OSS projects examines organizational governance/context mechanisms for AI coding agents,Context engineering for AI agents in open-source software
8UZKQSXS,1,keep,medium,"Hybrid rule-based/learned method improves automated code review generation quality, relevant to scaling review capacity though framed mainly as a technical NLP contribution",Combining large language models with static analyzers for code review generation
7UZ5FCF4,1,keep,medium,"Benchmark reveals significant unreliability in LLM-as-judge for code tasks, an actionable caution for orgs considering automated review/oversight at scale",CodeJudgeBench: benchmarking LLM-as-a-judge for coding tasks
NUSB58H4,1,keep,medium,"RL-based repair method quantifies and mitigates LLM tendency to omit security measures during code repair, an operationalizable mitigation mechanism",Code security vulnerability repair using reinforcement learning with large language models
XFSR827I,1,discard,high,Code revert prediction case study is pure process improvement on human-authored commits with no AI-generation volume or oversight angle,Code revert prediction with graph neural networks: a case study at J.P. morgan chase
ENHD9TIS,1,keep,high,Robustness testing technique quantifies instruction-sensitivity inconsistencies in commercial AI code generators like Copilot and ChatGPT with reproducible methodology,COCO: testing code generation systems via concretized instructions
5GH2DGWN,1,discard,high,"Formal-verification benchmark for program synthesis with no governance, risk, or human-oversight angle",CLEVER: a curated benchmark for formally verified code generation
USFIBTVX,1,maybe,medium,"Benchmarks ChatGPT's vulnerability-detection capability rather than AI-generated code risk, but findings could inform automated review tooling decisions","ChatGPT for vulnerability detection, classification, and repair: how far are we?"
WAXACFZE,1,discard,high,"Pure capability comparison of test-generation tools without any risk, governance, or oversight framing",ChatGPT vs SBST: a comparative assessment of unit test suite generation
4Q2XRX8G,1,maybe,medium,"Sycophancy risk for LLM-as-judge is plausible for code-review oversight but the study is domain-general, not code-specific",Challenging the evaluator: LLM sycophancy under user rebuttal
DKEWDWQT,1,keep,high,"Empirically measures LLM-as-judge alignment with human evaluators on SE tasks, directly operationalizable for automating review",Can LLMs replace human evaluators? An empirical study of LLM-as-a-judge in software engineering
VTDG995V,1,keep,high,Provides a calibration framework explicitly tied to graduated review-effort decisions for generated code,Calibration and correctness of language models for code
8RXRQTUC,1,keep,medium,"Human-feedback calibration loop for code smell detection generalizes to code review triage, though not AI-generation specific",Calibrating deep learning-based code smell detection using human feedback
RVNBZFUE,1,keep,medium,HCAI governance framework with explicit team/org/industry recommendations grounded in software engineering practices,Bridging the gap between ethics and practice
8QI5S35F,1,keep,medium,"UI scaffolding mechanism supports developer oversight of LLM-generated code, though study context is novice tutorials not professional orgs",BISCUIT: scaffolding LLM-generated code with ephemeral UIs in computational notebooks
DPKKMXSA,1,keep,high,"Establishes a reproducible taxonomy of code hallucination types, causes, and mitigations directly actionable for governance",Beyond functional correctness: exploring hallucinations in LLM-generated code
7MVR5HTC,1,keep,medium,"Proposes a trust/usefulness framework for LLM usage in SE practice relevant to oversight, though not a review mechanism itself",Beyond code generation: an observational study of ChatGPT usage in software engineering practice
PZTTGTKA,1,keep,high,Reproducible benchmark quantifying both correctness and security exploitability of LLM-generated backend code,BaxBench: can LLMs generate correct and secure backends?
IXJUVF8N,1,keep,medium,"Taxonomy and classifier for code review comment quality supports review triage, though not explicitly AI-code-volume focused",Automated classification of human code review comments with large language models
TEG2HFQU,1,keep,high,Refinement-calculus framework verifies LLM-generated code correctness and directly targets trust/opacity concerns,Automated program refinement: guide and verify code large language model with refinement calculus
M92CB5JZ,1,keep,medium,"Comparative security assessment of AI code generators gives actionable guidance, though framed around student users rather than SE orgs",Assessing the effectiveness and security implications of AI code generators
E5SQKRH7,1,keep,high,"Uncertainty-estimation framework with abstention policy is a concrete, reproducible oversight mechanism for LLM code correctness",Assessing correctness in LLM-based code generation via uncertainty estimation
BDCPVQXX,1,keep,high,Reproducible benchmark evaluation of clone-detection tools against AI-generated code with actionable tool-selection guidance,Are classical clone detectors good enough for the AI era?
ZSTZT2KN,1,keep,high,Empirical study of ChatGPT code persistence in OSS projects with explicit oversight implication for pre-integration review,Analyzing developer use of ChatGPT generated code in open source GitHub projects
W49WX6KP,1,keep,high,"Demonstrates a backdoor attack evading vulnerability detection in code completion models, a critical actionable security risk",An LLM-assisted easy-to-trigger backdoor attack on code completion models: injecting disguised vulnerabilities against strong detection
DS9CXV4B,1,keep,high,Quantifies security API misuse rate in LLM-generated code via reproducible empirical methodology,An investigation into misuse of java security APIs by large language models
ANQUH7EW,1,discard,medium,"Focuses on training-data license infringement for LLM pretraining rather than organizational governance of deployed AI-generated code, though the code-specific licensing angle creates some tension with the liability criterion",An exploratory investigation into code license infringements in large language model training datasets
S4M9M4TM,1,keep,high,"Proposes a detect-and-reapply mitigation tactic (RefactoringMirror) that prevents unsafe LLM refactorings, a concrete risk-mitigation mechanism for AI-generated code",An empirical study on the potential of LLMs in automated software refactoring
HVDNR2MJ,1,keep,high,"Delivers a validated AI-generated-code detection model, a directly usable detection signal for governance of AI code provenance",An empirical study on automatically detecting AI-generated source code: how far are we?
BIKF288T,1,keep,high,"Quantifies Copilot code correctness and complexity via a reproducible benchmark methodology, fitting the AI code quality-measurement criterion",An empirical evaluation of GitHub copilot's code suggestions
KZ5N6ZV7,1,keep,high,"Case study in safety-critical domains proposing a concrete prompt-engineering method and new V-model lifecycle process to generate safe, complete code",An empirical study of the code generation of safety-critical software using LLMs
QD6WK49G,1,discard,medium,"Pure capability benchmark of ChatGPT's bug-fixing accuracy with no proposed detection, oversight, or governance mechanism",An analysis of the automatic bug fixing performance of ChatGPT
F93HNFF2,1,keep,high,Canonical human-oversight/automation-complacency framework whose design principles directly generalize to scaling human review of AI-generated code,Algorithmic decision-making and the control problem
4AP7J8SU,1,keep,high,"IDE-integrated tool for real-time vulnerability detection, classification, severity estimation, and repair, validated with a developer productivity user study","AIBugHunter: a practical tool for predicting, classifying and repairing software vulnerabilities"
29NBUJWT,1,keep,high,"Large-scale empirical mapping of developer AI-adoption patterns to Responsible AI priorities (reliability, security, transparency) across SE tasks","AI where it matters: where, why, and how developers want AI support in daily work"
3CNGHNXP,1,keep,high,"Proposes a governance-oriented development methodology for AI-agent teams with defined roles, human orchestration, and embedded responsible-AI principles",Agentsway - software development methodology for AI agents-based teams
H92HVS6A,1,keep,high,"First large-scale empirical study of coding-agent adoption and commit characteristics, providing measurement data motivating oversight needs at scale",Agentic much? Adoption of coding agents on GitHub
8VBH957K,1,keep,high,"Introduces agentic rubrics as a scalable, execution-free verification signal for SWE agent output correctness",Agentic rubrics as contextual verifiers for SWE agents
6ZC3H7AF,1,keep,high,Large-scale empirical security analysis of agentic AI extensions with a validated detection framework and vulnerability taxonomy directly actionable for governance,Agent skills in the wild: an empirical study of security vulnerabilities at scale
98Q8J4MC,1,keep,medium,"Benchmarks reasoning LLMs for vulnerability detection with quantified accuracy gains, though it reads closer to a capability comparison than an explicit org-level governance mechanism",Advancing software vulnerability detection with reasoning LLMs: DeepSeek-R1′s performance and insights
388P2MTC,1,keep,high,Automated tool for validated LLM-based technical debt remediation directly usable by engineering teams,ACE: automated technical debt remediation with validated large language model refactorings
39INTMHT,1,keep,high,"Repository-level benchmark for evaluating security of AI-generated code with reproducible methodology, directly informing model selection in practice",A.S.E: a repository-level benchmark for evaluating security in AI-generated code
4NKJQRDR,1,discard,medium,"Capability study of LLM vulnerability-repair accuracy across prompt contexts without a proposed detection, review, or governance mechanism",A study of vulnerability repair in JavaScript programs with large language models
AWV4RH68,1,keep,high,Empirical finding that ChatGPT's security outputs are too generic for practical industry use gives directly actionable guidance against unvalidated LLM reliance for security oracle tasks,A qualitative study on using ChatGPT for software security: perception vs. Practicality
SA2JF7S4,1,discard,high,"Pure runtime-efficiency comparison of LLM-generated code with no risk, defect-quality, or governance angle",A performance study of LLM-generated code on leetcode
PI2B8WJQ,1,keep,medium,"Provides an operationalizable taxonomy of LLM code-generation mistake categories and causes, though closer to error analysis than an explicit governance mechanism",A deep dive into large language model code generation mistakes: what and why?
35FHEVP7,1,discard,medium,"Four actionable properties for meaningful human control are philosophical/design principles illustrated only via autonomous vehicles and hiring, with no concrete software-engineering oversight mechanism",Meaningful human control: actionable properties for AI system development
KCARNBD6,1,maybe,medium,Generic automation-error-management framework could plausibly transfer to AI-code-review error detection/correction but requires argument since no software or code context is given,Understanding human management of automation errors
KAW7EMHG,1,maybe,medium,"Algorithm aversion review addresses trust in algorithmic decision aids broadly, and transfer to developer trust calibration for AI code suggestions is plausible but not established in the abstract",A systematic review of algorithm aversion in augmented decision making
7UB2MD8Z,1,keep,high,"Proposes and empirically validates an explanation-generating debugging technique shown to improve developer patch-correctness judgments, a direct oversight mechanism for AI-produced code",Explainable automated debugging via large language model-driven scientific debugging
NAKM4G77,1,keep,high,"Quantifies LLM smart-contract audit detection/false-positive rates against benchmark vulnerabilities, directly informing whether manual audit oversight remains necessary",Do you still need a manual smart contract audit?
SDQ3TZCN,1,keep,high,Empirically taxonomizes and measures LLM code-generation bug types with reproducible benchmarks and proposes a self-critique repair method,What is wrong with your code generated by large language models? An extensive study
45RNUJ97,1,maybe,medium,Trust/transparency/vigilance framework for human-AI teams is conceptually transferable to code-review oversight but is not software-specific and requires translation,How transparency modulates trust in artificial intelligence
A5WDGC7J,1,keep,high,Quantifies systematic LLM-reviewer overcorrection failures and proposes a Fix-guided Verification Filter as a concrete safeguard for automated review pipelines,Are LLMs reliable code reviewers? systematic overcorrection in requirement conformance judgement
WSJGB5NT,1,discard,medium,"Characterizes the experience of LLM-assisted programming as a new paradigm without proposing a governance, risk, or oversight mechanism",What is it like to program with artificial intelligence?
XKNHFING,1,discard,medium,Descriptive survey/interview study classifying AI's potential and risks across the SDLC without a measurable governance or oversight mechanism,Applications of AI in classical software engineering
7BMFG5IK,1,keep,medium,"Self-critique method for scaling human oversight of hard-to-evaluate model outputs is a canonical scalable-oversight mechanism transferable to code review, though the task studied is summarization rather than code",Self-critiquing models for assisting human evaluators
MWTV5QJK,1,keep,high,"Empirically measures how often LLMs warn about insecure code in their responses, giving a concrete detection-rate metric for AI-assisted coding risk",Do LLMs consider security? an empirical study on responses to programming questions
SHIEBURC,1,discard,high,Studies human factors in reviewer participation for ordinary human-authored code with no AI-generation or oversight angle,The impact of human factors on the participation decision of reviewers in modern code review
PQ8QA8U6,1,discard,medium,"Automates reviewer selection at scale with load balancing, a pure process-throughput improvement with no AI-generated-code or oversight angle",WhoDo: automating reviewer suggestions at scale
JJ9T8KI7,1,discard,high,Multi-objective search for workload-balanced reviewer recommendation is a pure process improvement unrelated to AI-generated code oversight,Workload-aware reviewer recommendation using a multi-objective search-based approach
VEKXPDI4,1,discard,medium,Balanced-scorecard metrics measure human code-review effectiveness at an organization but do not address AI-generated code or oversight scaling,Using a balanced scorecard to identify opportunities to improve code review effectiveness: an industrial experience report
K85HD8IF,1,discard,high,Empirical analysis of factors affecting pull-request latency has no AI-generation or oversight dimension,Pull request latency explained: an empirical overview
A884PH2S,1,discard,medium,AUGER is a tool-capability paper generating review comments via a pretrained model but frames no organizational governance or AI-code-oversight mechanism,AUGER: automatically generating review comments with pre-training models
NS5S5G7K,1,discard,medium,Classifies usefulness of ordinary code review comments using ML/LLM features but does not address oversight of AI-generated code,Hold on! is my feedback useful? evaluating the usefulness of code review comments
N2KXCCUB,1,discard,high,Change-impact-analysis tool for pull requests improves review insight but has no AI-generation or governance angle,Enhanced code reviews using pull request based change impact analysis
AFMAMSW4,1,maybe,medium,Vulnerability-detection benchmarking methodology could inform AI-code risk tooling but the paper does not address AI-generated code or organizational governance directly,Uncovering the limits of machine learning for automatic vulnerability detection
WTZE6EMB,1,keep,medium,Foundational trust-in-automation model directly transfers to developer trust calibration for AI-generated code oversight,Trust in automation
UPVFC3N9,1,keep,medium,Signal detection model of automated-monitor/human-monitor systems generalizes to human oversight of automated code alerts despite non-software domain,Systems with human monitors: a signal detection analysis
BBRAXQHC,1,keep,medium,Parasuraman stages/levels-of-automation meta-analysis is a canonical transferable framework for allocating oversight between human reviewers and AI code generation,Stages and levels of automation: an integrated meta-analysis
3PS4RJGR,1,discard,medium,Generic heuristic for splitting composite commits to ease review has no AI-generation volume or oversight angle,Partitioning composite code changes to facilitate code review
3Z4RNA4V,1,keep,high,Empirical reliability/explainability study of code-generation LLMs directly informs risk assessment of AI-generated code output,On the reliability and explainability of automated code generation approaches
DIE6CCI5,1,keep,medium,Compliance/reliance and false-alarm-vs-miss findings transfer directly to how reviewers should weight AI code-review tool alerts,On the independence of compliance and reliance: are automation false alarms worse than misses?
8R84ITRF,1,keep,high,Proposes an operational CMM-style maturity framework for organizations assessing and improving LLM-based development usage,Navigating software development in the ChatGPT and GitHub copilot era
G7CNTJ32,1,discard,medium,General XAI evaluation metrics paper with no software or code-specific application discussed,Metrics for explainable AI: challenges and prospects
89JB6NW4,1,keep,medium,Automation-miss and complacency findings generalize to reviewer complacency toward AI code-quality aids despite process-control study domain,Misuse of diagnostic aids in process control: the effects of automation misses on complacency and automation bias
J7VQWEH5,1,keep,medium,Benchmark for LLM-judge reliability is a transferable scalable-oversight mechanism relevant to using LLM judges to triage AI-generated code,JudgeBench: a benchmark for evaluating LLM-based judges
US8P9HN6,1,keep,high,"Empirically quantifies code review quality against reviewer workload and experience using bug-inducing change detection, directly operationalizable for review governance",Investigating code review quality: do people and participation matter?
VAKN97GC,1,discard,medium,"Framework targets non-professional programmer UX for code explanation, not organizational oversight or governance of AI-generated code at scale",IntelliExplain: enhancing conversational code generation for non-professional programmers
HFI62IIX,1,maybe,medium,"Triage impact study addresses throughput and filtering mechanisms relevant to scaling review, but lacks an AI-code volume angle to confirm transferability",Impact of triage: a study of mozilla and gnome
XIQPDGJ5,1,maybe,low,"Legacy intelligent code-inspection tool augmenting manual review is structurally analogous to human oversight of automated aids, but predates AI code generation and transferability is unclear",ICICLE: intelligent code inspection in a C language environment
7F2UH9XA,1,keep,medium,"Automation bias chapter surveys factors (trust, reliability, transparency) directly transferable to human oversight of AI coding decision aids",Humans and automated decision aids: a match made in heaven?
HIRBHS87,1,keep,medium,Meta-analysis on degree-of-automation performance tradeoffs is a canonical transferable human-oversight framework for allocating AI code-generation autonomy,Human performance consequences of stages and levels of automation
UKZ4EVUQ,1,keep,high,"Introduces a benchmark and metrics quantifying social bias risk in LLM code generation, directly operationalizable for org risk assessment",FairCoder: evaluating social bias of LLMs in code generation
MBZVFUUC,1,keep,high,Benchmark quantifying human-in-the-loop value across intervention levels in agentic coding directly measures oversight-scaling tradeoffs,CentaurEval: benchmarking human-in-the-loop value in agentic coding
KINFW8AS,1,keep,medium,Accountability-pressure mechanism reducing automation bias and increasing verification is a transferable governance lever for AI code review,"Automation bias, accountability, and verification behaviors"
BUT3UWJG,1,discard,medium,"Research methodology for classifying review comment usefulness in existing MCR data, with no AI-code volume or generation angle",Assessing MCR discussion usefulness using semantic similarity
B644HQFS,1,keep,high,Qualitative study operationalizes reviewer burden and mitigation strategies for AI-generated code review fatigue directly relevant to org oversight,"""An endless stream of AI slop"": how developers discuss the burden of AI-assisted software development"
G7P6ZUM8,1,keep,medium,"Proposes reproducible hybrid metric correlating with human-judged value of AI-generated code, giving orgs an evaluation mechanism beyond pass/fail correctness",Aligning offline metrics and human judgments of value of AI-pair programmers
4DM29UWA,1,maybe,medium,"Establishes the automation bias construct explicitly named as transferable to code-review oversight, but the aviation cockpit domain requires translation argument",Automation bias: decision making and performance in high-tech cockpits.
E5JSFQS4,1,discard,medium,Meta-analysis of clinical vs statistical prediction accuracy in health/behavior judgment has no automation-oversight framing or software connection,Clinical versus mechanical prediction: a meta-analysis.
I9CBMHGA,1,maybe,medium,"Trust/self-confidence-in-automation model is conceptually relevant to trust calibration for AI code oversight but tested only in industrial fault-management, non-software domain","Adaptive automation, trust, and self-confidence in fault management of time-critical tasks."
GPAGR8AF,1,maybe,medium,"Levels-of-automation/adaptive-automation framework parallels Parasuraman LOA cited as transferable, but study is a physical dynamic-control task requiring domain translation","The effects of level of automation and adaptive automation on human performance, situation awareness and workload in a dynamic control task"
4PXH5FKB,1,keep,high,"Explicitly maps EU trustworthy-AI requirements onto established software engineering testing practices, giving orgs an operational assessment framework",Opening the software engineering toolbox for the assessment of trustworthy AI
6PDIFF2U,1,discard,medium,Static-analysis-vs-reviewer-comment overlap study is a pure code review efficiency improvement with no AI-generated-code volume or oversight angle,Evaluating how static analysis tools can reduce code review effort
EN5DT6ZJ,1,discard,high,"Survey concludes evaluation of LLM code generation is understudied without proposing any new metric, framework, or mechanism",A review on code generation with LLMs: application and evaluation
6NR73DTR,1,discard,high,Interview study of UX designers' perceptions of generative AI has no code or software engineering oversight angle,User experience design professionals? Perceptions of generative artificial intelligence
2XV8ZVM8,1,discard,high,"Multi-agent LLM team coordination study has no code governance, risk, or human oversight mechanism",Multi-agent teams hold experts back
CJI4JMKK,1,discard,medium,Broad descriptive survey of LLM agents across SE tasks lacks a specific operationalizable governance or oversight mechanism,"From LLMs to LLM-based agents for software engineering: a survey of current, challenges and future"
UG5D8G6U,1,discard,high,"Generic promotional review of AI benefits across the SDLC with no measurement, framework, or governance mechanism",AI-driven innovations in software engineering: a review of current practices and future directions
D3ZU22JC,2,discard,medium,Descriptive survey cataloging code generation agent architectures and benchmarks without a governance or oversight contribution,A survey on code generation with LLM-based agents
F7RV34Q2,2,discard,medium,LLM-based reviewer-recommendation tool improves assignment accuracy but has no AI-generated-code volume or oversight framing,Unity Is Strength: Collaborative LLM-Based Agents for Code Reviewer Recommendation
HX82PMB7,1,discard,high,Purely definitional description of vibe coding with speculative implications and no actionable finding,Vibe Coding
TGXC3NVN,3,discard,high,General NLG hallucination survey spans summarization/dialogue/translation with no code or software engineering connection,Survey of Hallucination in Natural Language Generation
ZT7AM3S2,1,discard,medium,API misuse detection technique quantifies defects with reproducible methodology but has no LLM/AI-code-generation connection,Active learning of discriminative subgraph patterns for API misuse detection
AJU2TJLS,1,discard,high,Sketch-to-code visual assistant study evaluates developer tool usability and code quality without any governance or oversight angle,An exploratory study of ML sketches and visual code assistants
V6A242XV,1,discard,high,"General-purpose prompt engineering and LLM evaluation toolkit with no code governance, oversight, or risk angle",ChainForge: a visual toolkit for prompt engineering and LLM hypothesis testing
9Z7AEMPK,1,discard,high,"Program repair agent capability paper benchmarked on Defects4J with no human oversight, review, or governance mechanism","RepairAgent: an autonomous, LLM-based agent for program repair"
B4NA66A4,1,discard,medium,"Multi-agent transactional planning architecture for general planning domains, not code generation oversight, with no structural parallel to code review","SagaLLM: context management, validation, and transaction guarantees for multi-agent LLM planning"
X48WHCT3,1,discard,medium,"AI decompiler for blockchain smart contract reverse-engineering to ease auditing, but addresses non-open-source bytecode transparency rather than AI-generated code risk or oversight",SuiGPT MAD: move AI decompiler to improve transparency and auditability on non-open-source blockchain smart contract
RXNR8N95,1,keep,medium,"Benchmark quantifying AI coding agents' end-to-end acceptance rate and failure modes (system design, optimization) with reproducible methodology usable for org risk assessment",ProjDevBench: benchmarking AI coding agents on end-to-end project development
UD5ENVQN,1,discard,high,"No-code agentic workflow builder focused on cost reduction and accessibility, with no oversight, review, or governance mechanism","Don't vibe code, do skele-code: interactive No-code notebooks for subject matter experts to build lower-cost agentic workflows"
HGZRASDJ,2,discard,high,"Technical comparison of agentic vs. simplified pipelines for automated issue resolution benchmarked on SWE-bench, no human oversight or governance angle",Demystifying LLM-based software engineering agents
Z76WEF74,1,keep,high,"Empirical AI-driven cybersecurity framework with maturity model and best practices integrated into the SDLC, directly operationalizable for organizational risk governance",AI-driven cybersecurity framework for software development based on the ANN-ISM paradigm
PJRJZVRI,1,discard,high,"Descriptive survey taxonomizing LLM agentic SE benchmarks and solution paradigms with no oversight, review, or governance mechanism offered",A comprehensive survey on benchmarks and solutions in software engineering of LLM-empowered agentic system
